calJac240_pri	GCA_049354715.1	GCF_049354715.1	Callithrix jacchus					240	male		Chromosome	2025-04-08	JBLWJF01	24
NDDB_SH_1	GCA_019923935.1	GCF_019923935.1	Bubalus bubalis	Murrah				160015118507	female		Chromosome	2021-09-10	VDCB01	25
Bosgru_T2T1.0	GCA_055505025.1	GCF_055505025.1	Bos grunniens			Pamir		PY7600			Chromosome	2026-02-24	JBTWXA01	30
NHGRI_mPanTro3-v2.1_pri	GCA_028858775.3	GCF_028858775.2	Pan troglodytes					AG18354	male		Chromosome	2024-12-09	JAQQLN02	25
HU_Pman_BW_mat_3.1	GCA_049852395.1	GCF_049852395.1	Peromyscus maniculatus bairdii					BWxNUB_F1_BW_parent	female		Chromosome	2025-04-22	JBMNXS01	24
ASM5500010v1	GCA_055000105.1	GCF_055000105.1	Myodes glareolus					2345	female		Chromosome	2026-02-04		28
NHGRI_mGorGor1-v2.1_pri	GCA_029281585.3	GCF_029281585.2	Gorilla gorilla gorilla					KB3781	male		Chromosome	2024-08-01	JARGGP02	25
NHGRI_mPonPyg2-v2.1_pri	GCA_028885625.3	GCF_028885625.2	Pongo pygmaeus					AG05252	male		Chromosome	2024-01-08	JAQQLS02	25
ASM4859323v1	GCA_048593235.1	GCF_048593235.1	Sminthopsis crassicaudata					SCR6	female		Chromosome	2025-03-17	JBMDME01	7
UCONN_HLeu1	GCA_047372625.1		Hoolock leuconedys					Betty	female		Chromosome	2025-02-03	JBHMFN01	19
ASM4749690v1	GCA_047496905.1		Tamias sibiricus					Ts-1	male		Chromosome	2025-02-07	JBKZWZ01	19
NHGRI_mSymSyn1-v2.1_pri	GCA_028878055.3	GCF_028878055.3	Symphalangus syndactylus					Jambi	male		Chromosome	2024-06-20	JAQQLG02	26
ASM5194280v1	GCA_051942805.1		Lepus tolai	LTO_1					male		Chromosome	2025-08-12	JBPRAB01	25
ASM5946939v1	GCA_059469395.1		Acomys dimidiatus				Jordan	SL-2024	female		Chromosome	2026-07-16	JBNCOH01	19
ASM4859324v1	GCA_048593245.1		Dasyurus maculatus					Chaos	male		Chromosome	2025-03-17	JBMDMB01	6
ASM2622585v1	GCA_026225855.1		Neophocaena sunameri					NAS202207	male		Chromosome	2022-11-18	JANJGR01	23
mAcoKem2_REL_1905	GCA_907164505.1		Acomys kempi								Chromosome	2021-07-06		19
GRCm39	GCA_000001635.9	GCF_000001635.27	Mus musculus		C57BL/6J						Chromosome	2020-06-24		101
GRCr8	GCA_036323735.1	GCF_036323735.1	Rattus norvegicus		BN/NHsdMcwi				male		Chromosome	2024-01-31	JAXUCZ01	76
Sscrofa_HxYL_maternal_Yorkshire_Landrace_v2.0	GCA_054392235.2	GCF_054392235.1	Sus scrofa					SSC_HxYL_T2T_F1_AM1	male		Chromosome	2026-01-28	JBREVY02	37
ARS-UCD2.0	GCA_002263795.4	GCF_002263795.3	Bos taurus	Hereford				L1 Dominette 01449 registration number 42190680	female		Chromosome	2023-07-01	NKLS02	1957
UU_Cfam_GSD_1.0	GCA_011100685.1	GCF_011100685.1	Canis lupus familiaris	German Shepherd				Mischka	female		Chromosome	2020-03-10	JAAHUQ01	2197
mCanLup2.hap1	GCA_048164855.1	GCF_048164855.1	Canis lupus baileyi					mCanLup2	male		Chromosome	2025-02-27	JBLSAG01	249
ARS-UI_Ramb_v3.0	GCA_016772045.2	GCF_016772045.2	Ovis aries	Rambouillet	OAR_USU_Benz2616				female		Chromosome	2023-07-20	JAEVFA01	142
ARS1.2	GCA_001704415.2	GCF_001704415.2	Capra hircus	San Clemente					male		Chromosome	2016-08-24	LWLT01	29885
mOryCun1.1	GCA_964237555.1	GCF_964237555.1	Oryctolagus cuniculus								Chromosome	2024-08-31	CAXSJQ01	221
TB-T2T	GCA_041296265.1	GCF_041296265.1	Equus caballus	thoroughbred				H_3958	female		Chromosome	2024-08-16	JBFNWK01	624
F.catus_Fca126_mat1.0	GCA_018350175.1	GCF_018350175.1	Felis catus					Fca126	female		Chromosome	2021-05-13	JAFEKA01	70
CriGri-PICRH-1.0	GCA_003668045.2	GCF_003668045.3	Cricetulus griseus		17A/GY				female		Chromosome	2020-06-11	RAZU02	647
mChlSab1.0.hap1	GCA_047675955.1	GCF_047675955.1	Chlorocebus sabaeus					Y175	female		Chromosome	2025-02-12	JBLKOC01	1654
NIAB-ARS_B.indTharparkar_mat_pri_1.0	GCA_029378745.1	GCF_029378745.1	Bos indicus	Sahiwal x Tharparkar				NIAB-ARS_2022	female		Chromosome	2023-03-24	JAPFIJ01	67
Rrattus_CSIRO_v1	GCA_011064425.1	GCF_011064425.1	Rattus rattus					New Zealand	male		Chromosome	2020-03-04	JAAIVD01	2172
mMonDom1.pri	GCA_027887165.2	GCF_027887165.2	Monodelphis domestica					mMonDom1	male		Chromosome	2026-02-24	JAQIHD02	13
Panubis1.1	GCA_008728515.2		Papio anubis					15944	male		Chromosome	2022-04-27	VSMJ02	11149
mMacNem.hap1	GCA_043159975.1	GCF_043159975.1	Macaca nemestrina					mMacNem1	male		Chromosome	2024-10-15	JBHNYF01	361
mIctTri1.hap1	GCA_052094955.1	GCF_052094955.1	Ictidomys tridecemlineatus					mIctTri1	male		Chromosome	2025-08-18	JBPVTT01	5279
EquAss-T2T_v2	GCA_041296235.2	GCF_041296235.1	Equus asinus	Donkey				D_3611	male		Chromosome	2024-12-12	JBFNWJ02	848
ASM200744v3	GCA_002007445.3	GCF_002007445.2	Ailuropoda melanoleuca					Jingjing	female		Chromosome	2020-04-20	LNAT02	73513
ASM4877302v1	GCA_048773025.1	GCF_048773025.1	Camelus bactrianus	Bactrian camel				YW-2024	female		Chromosome	2025-03-21	JBLYYY01	157
mTurTru1.mat.Y	GCA_011762595.2	GCF_011762595.2	Tursiops truncatus					mTurTru1	male		Chromosome	2024-12-12	JAAOMD01	361
mRhiFer1_v1.p	GCA_004115265.3	GCF_004115265.2	Rhinolophus ferrumequinum					MPI-CBG mRhiFer1	female		Chromosome	2019-05-17	RXPC01	134
mEleMax1 primary haplotype	GCA_024166365.1	GCF_024166365.1	Elephas maximus indicus					mEleMax1	male		Chromosome	2022-07-06	JAMZQU01	64
mCamDro1.pat	GCA_036321535.1	GCF_036321535.1	Camelus dromedarius					mCamDro1	male		Chromosome	2024-01-31	JAZARU01	171
mMacEug1.pri_v2	GCA_028372415.2	GCF_028372415.1	Notamacropus eugenii					mMacEug1	male		Chromosome	2023-02-06	JAQOLO01	272
MicOch1.0	GCA_000317375.1	GCF_000317375.1	Microtus ochrogaster					Prairie Vole_2	female		Chromosome	2012-12-07	AHZW01	6450
VicPac4	GCA_048564905.1	GCF_048564905.1	Vicugna pacos	huacaya				Carlotta	female		Chromosome	2025-03-12	JBLVOU01	519
ASM4008512v1	GCA_040085125.1		Cervus nippon					HPL2020	male		Chromosome	2024-06-07	JAYKZF01	51
P.tigris_Pti1_mat1.1	GCA_018350195.2	GCF_018350195.1	Panthera tigris					Pti1	female		Chromosome	2021-05-13	JAEQMW01	74
UOA_Angus_1	GCA_003369685.2		Bos indicus x Bos taurus	Angus x Brahman F1 hybrid					male		Chromosome	2018-11-30	PUFT02	1435
mPhaCin1.pri	GCA_003287225.3		Phascolarctos cinereus					Bilbo 61053	female		Chromosome	2025-12-17	POVN03	1235
ASM_NN_V1	GCA_020171115.1	GCF_020171115.1	Neogale vison					M4711	female		Chromosome	2021-09-29	JAIAWX01	182
mSarHar1.11	GCA_902635505.1	GCF_902635505.1	Sarcophilus harrisii								Chromosome	2019-11-07	CACPPN01	105
Bangor_MerUng_6.1	GCA_030254825.1	GCF_030254825.1	Meriones unguiculatus		TT.TT164.6M				male		Chromosome	2023-06-12	JAODIK01	193
VulVul3	GCA_048418805.1	GCF_048418805.1	Vulpes vulpes					BD-2025	female		Chromosome	2025-03-05	JBKIPQ01	289
mLoxAfr1.hap2	GCA_030014295.1	GCF_030014295.1	Loxodonta africana					mLoxAfr1	male		Chromosome	2023-05-16	JASCQR01	879
MJ_LKY	GCA_040802235.1	GCF_040802235.1	Manis javanica					MJ-LG	male		Chromosome	2024-07-22	JBFMMM01	62
UrsArc2.0	GCA_023065955.2	GCF_023065955.2	Ursus arctos				North America	Adak	male		Chromosome	2023-05-22	JALAAU02	361
mRanTar1.h1.1	GCA_949782905.1		Rangifer tarandus platyrhynchus							Annotation submitted by EBP Norway	Chromosome	2023-04-20	CATKSN02	1395
YUN_Gayal_1	GCA_043643345.1		Bos frontalis	Chinese Gayal					male		Chromosome	2024-10-24	JBIDEE01	1068
mDasNov1.1.hap2	GCA_030445035.2	GCF_030445035.2	Dasypus novemcinctus					mDasNov1	male		Chromosome	2023-07-13	JAUJUA01	545
UCI_PerLeu_2.1	GCA_004664715.2	GCF_004664715.2	Peromyscus leucopus	LL Stock					female		Chromosome	2020-10-02	NMRJ02	1856
mOrnAna1.pri.v4	GCA_004115215.4	GCF_004115215.2	Ornithorhynchus anatinus					Pmale09	male		Chromosome	2020-11-06	RZJT02	321
ASM756505v1	GCA_007565055.1	GCF_007565055.1	Rhinopithecus roxellana					Shanxi Qingling	male		Chromosome	2019-07-29	VMRL01	3256
NHGRI_mPonAbe1-v2.1_pri	GCA_028885655.3	GCF_028885655.2	Pongo abelii					AG06213	male		Chromosome	2024-01-05	JAQQLQ02	29
ASM2989020v1	GCA_029890205.1		Acomys cahirinus					Evolution Canyon			Chromosome	2023-05-01	JAJTCZ01	34
NWIPB_WYAK_1.1	GCA_027580195.2	GCF_027580195.1	Bos mutus					GX-2022	male		Chromosome	2023-01-09	JANCMR01	2039
mRouAeg1.pri	GCA_014176215.2		Rousettus aegyptiacus					mRouAeg1	male		Chromosome	2025-12-17	JACASE02	27
M.murinus_Inina_mat1.0	GCA_040939455.2	GCF_040939455.1	Microcebus murinus					Inina	female		Chromosome	2025-06-05	JBBJCL02	124
VMU_Ajub_asm_v1.0	GCA_027475565.2	GCF_027475565.1	Acinonyx jubatus					Ajub_Pintada_27869175	female		Chromosome	2022-12-28	JANJSO01	195
ASM1834538v1	GCA_018345385.1	GCF_018345385.1	Vulpes lagopus		Blue_001				female		Chromosome	2021-05-12	JADWOQ01	928
mManPen7.hap1	GCA_030020395.1	GCF_030020395.1	Manis pentadactyla					mManPen7	male		Chromosome	2023-05-23	JASFZP01	661
mMunRee1.2	GCA_963930625.2		Muntiacus reevesi								Chromosome	2026-02-01	CAWVNM02	241
mCerEla1.1	GCA_910594005.1	GCF_910594005.1	Cervus elaphus								Chromosome	2021-07-07	CAJVBL01	144
CAU_O.ammon polii_1.0	GCA_028583565.1		Ovis ammon polii					CAU-MHL-2022a	male	Annotation submitted by China Agricultural University	Chromosome	2023-02-10	JAKZEL01	62
P.leo_Ple1_pat1.1	GCA_018350215.1	GCF_018350215.1	Panthera leo					Ple1	male		Chromosome	2021-05-13	JAEQMX01	53
ASM4730177v1	GCA_047301775.1		Sigmodon hispidus					SQ-2024	female		Chromosome	2025-01-30	JBIUDE01	39
mPumCon1.1.hap2	GCA_028749965.4	GCF_028749965.1	Puma concolor					L17-30	male		Chromosome	2023-08-04	JAQJWA02	207
mUroPar1.hap1	GCA_045843805.1	GCF_045843805.1	Urocitellus parryii					mUroPar1	male	GCA_045843805.1-GB_2025_08_01	Chromosome	2024-12-13	JBISEK01	2529
mTacAcu1.pri	GCA_015852505.1	GCF_015852505.1	Tachyglossus aculeatus					mTacAcu1	male		Chromosome	2020-12-09	JADRJE01	310
HLdesRot8A.1	GCA_022682495.2	GCF_022682495.2	Desmodus rotundus					HL8	male		Chromosome	2022-03-24	JAKFFZ01	573
ASM283717v5	GCA_002837175.5	GCF_002837175.3	Physeter macrocephalus					SW-GA	female		Chromosome	2023-02-28	PGGR02	12168
Ovbor_1.2	GCA_023699985.4	GCF_023699985.2	Odocoileus virginianus				Illinois	20LAN1187	male		Chromosome	2024-10-17	JAJQKH02	480
Fcat_Pben_1.1_paternal_pri	GCA_016509475.2	GCF_016509475.1	Prionailurus bengalensis					Pbe53	male		Chromosome	2021-01-06	JADZGN01	83
ASM5775595v1	GCA_057755955.1		Ursus thibetanus					BB1			Chromosome	2026-05-26	JBYDFY01	234
NHGRI_mPanPan1-v2.1_pri	GCA_029289425.3	GCF_029289425.2	Pan paniscus						male		Chromosome	2024-08-13	JARIFH02	30
mEscRob2.pri	GCA_028021215.1	GCF_028021215.1	Eschrichtius robustus					mEscRob2	male		Chromosome	2023-01-31	JAQMHY01	703
Asia_NLE_v1	GCA_006542625.1	GCF_006542625.1	Nomascus leucogenys					Asia	female		Chromosome	2019-07-02	VIFL01	2376
ARS-UI_OviCan_v2	GCA_042477335.2	GCF_042477335.2	Ovis canadensis	Bighorn				MfBH-ARS-UI-01	male		Chromosome	2024-10-18	JBGCUV01	41
BYU_Ohem_2021	GCA_020976825.1		Odocoileus hemionus					AT2021a	female		Chromosome	2021-11-30	JAJLRB01	5513
ASM3577323v1	GCA_035773235.1		Eospalax fontanierii					ZH209-6			Chromosome	2024-01-24	JAJHUQ01	87
Smur_1.0	GCA_055769025.1		Suncus murinus				China				Chromosome	2026-03-10	JBTWHV01	1236
PCC_UOA_SB_1v2	GCA_029407905.2	GCF_029407905.1	Bubalus kerabau	swamp buffalo			Philippines	K-KA32	female		Chromosome	2023-03-31	JARFXY01	115
ASM4372806v1	GCA_043728065.1		Rhinolophus affinis				China	20211001_DDa	male	GCA_043728065.1-GB_2025_10_23	Chromosome	2024-10-24	JARCLV01	2193
mCasCan1.hap1v2	GCA_047511655.2	GCF_047511655.1	Castor canadensis					mCasCan1	female		Chromosome	2025-02-10	JBLFKA01	181
mMarFla1.hap1	GCA_047511675.1	GCF_047511675.1	Marmota flaviventris					mMarFla1	male		Chromosome	2025-02-10	JBLFKC01	813
mOrcOrc1.1	GCA_937001465.1	GCF_937001465.1	Orcinus orca								Chromosome	2022-05-03	CAKZJT01	447
mKogBre1 haplotype 1	GCA_026419965.1	GCF_026419965.1	Kogia breviceps					mKogBre1	female		Chromosome	2022-11-27	JAPMIF01	580
Cla-1	GCA_034620425.1		Canis latrans					coyote_06102	female		Chromosome	2023-12-27	JARVCQ01	120
LycPic1.final.hap2	GCA_040955705.1		Lycaon pictus					LycPic1	male	GCA_040955705.1-GB_2025_09_23	Chromosome	2024-08-01	JBCEDD01	76
ASM4183430v1	GCA_041834305.1		Megaptera novaeangliae					KW2013002		GCA_041834305.1-GB_2025_09_25	Chromosome	2024-09-09	JBGMDX01	1355
mMinSch1.hap1.2	GCA_964146895.2	GCF_964146895.1	Miniopterus schreibersii								Chromosome	2025-04-05	CAXLBM02	185
EquPr2	GCA_037783145.1	GCF_037783145.1	Equus przewalskii					Varuska	female		Chromosome	2024-04-01	JAZHEL01	2146
ARS_UOA_Gaur_1.1	GCA_014182915.2		Bos gaurus					Gaur_Henry_Doorly_Zoo_5443	female		Chromosome	2020-08-14	JACAOC01	634
ASM3006807v1	GCA_030068075.1		Paguma larvata	domesticated				MPC1	female		Chromosome	2023-06-05	JAINVK01	1500
mMyoMyo1.pri	GCA_014108235.2		Myotis myotis					mMyoMyo1	female		Chromosome	2026-01-22	JABWUV02	50
mOchPri1.hap1	GCA_030435755.1	GCF_030435755.1	Ochotona princeps					mOchPri1	male		Chromosome	2023-07-13	JAUDYK01	5864
mSorAra2.pri	GCA_027595985.1	GCF_027595985.1	Sorex araneus					mSorAra2	male		Chromosome	2023-01-09	JAQBIA01	65
CapAeg_1.0	GCA_000978405.1		Capra aegagrus					BamuBGIKM			Chromosome	2015-04-24	JXYW01	89498
ASM2315922v1	GCA_023159225.1	GCF_023159225.1	Perognathus longimembris pacificus					PPM17	male		Chromosome	2022-04-27	JALGBO01	6180
UCLA_HA_Equagga_1.0	GCA_021613505.1	GCF_021613505.1	Equus quagga					Etosha38			Chromosome	2022-01-31	JAKJSB01	12506
ASM5651232v1	GCA_056512325.1		Marmota himalayana					wild-10			Chromosome	2026-04-01	JBWIDY01	76
DD_mTadBra1_pri	GCA_030848825.1		Tadarida brasiliensis					mTadBra1	male	GCA_030848825.1-GB_2025_08_12	Chromosome	2023-08-22	JAUMIU01	147
mMelMel3.2 paternal haplotype	GCA_922984935.2	GCF_922984935.2	Meles meles								Chromosome	2022-03-23	CAKLPM02	537
ARS_UNL_BGru_maternal_1.0_p	GCA_009493645.1		Bos grunniens x Bos taurus					Esperanza	female		Chromosome	2019-11-04	VLPI01	484
ASM5547110v1	GCA_055471105.1		Lepus americanus					Miyamoto	male		Chromosome	2026-02-24	JBUQDJ01	312
DD_ASM_mEF_20220401	GCA_027574615.1	GCF_027574615.1	Eptesicus fuscus					TK198812	male		Chromosome	2023-01-09	JANZWY01	48
mCasFib1.1	GCA_977036005.1		Castor fiber								Chromosome	2025-11-13	CDRQKO01	227
ASM3656204v1	GCA_036562045.1	GCF_036562045.2	Rhinolophus sinicus					RSC01	male		Chromosome	2024-06-26	JAYKMD01	454
mPanOnc1 haplotype 2	GCA_046562875.2	GCF_046562875.1	Panthera onca					mPanOnc1	male		Chromosome	2025-01-08	JBKGDX01	85
mZalCal1.pri.v2	GCA_009762305.2	GCF_009762305.2	Zalophus californianus					mZalCal1	male		Chromosome	2020-07-14	WPOA02	46
mLemCat1.pri	GCA_020740605.1	GCF_020740605.2	Lemur catta					mLemCat1	male		Chromosome	2021-11-04	JAJGPY01	184
mLutLut1.2	GCA_902655055.2	GCF_902655055.1	Lutra lutra								Chromosome	2020-07-31	CACRWI02	43
mIaxIox2.hap1	GCA_054824925.1		Ia io					mIaxIox2	male		Chromosome	2026-01-29	JBTBFB01	377
mMonMon2.pri	GCA_005190385.4		Monodon monoceros				Baffin Bay Population	NGI	male	GCA_005190385.4-GB_2026_03_30	Chromosome	2026-01-23	SIHG03	90
mPipPip2.hap1.2	GCA_965203405.2		Pipistrellus pipistrellus								Chromosome	2025-04-09	CBDBGN02	241
mSciCar1.2	GCA_902686445.2	GCF_902686445.1	Sciurus carolinensis								Chromosome	2020-07-31	CACRXI02	752
mArvNil1.pat.X	GCA_011762505.3	GCF_011762505.2	Arvicanthis niloticus					mArvNil1	male		Chromosome	2025-01-29	JAAOMG01	1595
SPRET_EiJ_v3	GCA_921997135.2		Mus spretus								Chromosome	2022-06-30	CAKLHJ02	138
mLepTim1.1_pri	GCA_040893245.2		Lepus timidus								Chromosome	2024-07-26	JBEDNT01	84
mTriVul1.pri	GCA_011100635.1	GCF_011100635.1	Trichosurus vulpecula					mTriVul1	male		Chromosome	2020-03-10	JAANDE01	211
mPhoPho1.1	GCA_963924675.1	GCF_963924675.1	Phocoena phocoena								Chromosome	2024-01-29	CAWUQR01	439
mBalPhy2.hap1.1	GCA_965194825.1	GCF_965194825.1	Balaenoptera physalus								Chromosome	2025-03-10	CBDAEZ01	2611
MUSNIG.SB6536	GCA_022355385.1	GCF_022355385.1	Mustela nigripes					SB6536	male		Chromosome	2022-02-24	JABTCS01	20574
meerkat_22Aug2017_6uvM2_HiC	GCA_006229205.1	GCF_006229205.1	Suricata suricatta					VVHF042			Chromosome	2019-07-03	VCRZ01	63791
mBalAcu1.1	GCA_949987535.1	GCF_949987535.1	Balaenoptera acutorostrata								Chromosome	2023-05-01	CATLKF01	1374
mHipAmp2.hap2	GCA_030028045.1	GCF_030028045.1	Hippopotamus amphibius kiboko					mHipAmp2	female		Chromosome	2023-05-18	JASFZL01	356
ASM2454274v1	GCA_024542745.1	GCF_024542745.1	Macaca thibetana thibetana					TM-01	male		Chromosome	2022-08-09	JANHGW01	623
mTamHud3.hap1	GCA_057657825.1		Tamiasciurus hudsonicus					mTamHud3	female		Chromosome	2026-05-15	JBXXPO01	140
NWIPB_Pahodg_1.0	GCA_040182635.1		Pantholops hodgsonii					TAntelope-BX-2024	male		Chromosome	2024-06-17	JBBYXG01	540
ASM5485964v1	GCA_054859645.1		Tapirus indicus					ZXF-2023			Chromosome	2026-01-30	JAWJZD01	114
ASM4423182v1	GCA_044231825.1		Addax nasomaculatus					NWPU_XJL	female		Chromosome	2024-11-04	JAVHYU01	2643
ASM3311817v2	GCA_033118175.2	GCF_033118175.1	Dama dama					Ldn47	male		Chromosome	2024-10-18	JASJUW01	284
mMarVan1_p1.2	GCA_040207255.2		Marmota vancouverensis					VancouverIslandMarmot03	male		Chromosome	2026-05-15	JBDUGT02	164
mDugDug1.hap1	GCA_030035585.1		Dugong dugon					mDugDug1	female	GCA_030035585.1-GB_2025_10_02	Chromosome	2023-05-18	JASCZL01	198
mAxiPor1.hap1	GCA_054883215.1		Axis porcinus					mAxiPor1	male		Chromosome	2026-01-30	JBTXHO01	719
mNeoNeb1.pri	GCA_028018385.1	GCF_028018385.1	Neofelis nebulosa					mNeoNeb1	male		Chromosome	2023-01-31	JAQMCS01	33
ARS-OSU_banteng_1.0	GCA_032452875.1	GCF_032452875.1	Bos javanicus	banteng					male		Chromosome	2023-10-11	JAVLEU01	1517
mLepEur2.pri	GCA_033115175.1	GCF_033115175.1	Lepus europaeus					LE1	male		Chromosome	2023-10-31	JAVHNT01	650
CAU_Oori_1.0	GCA_014523465.1		Ovis orientalis		Amuf_v1				female		Chromosome	2020-09-11	JACSDQ01	128
DD_ASM_mAP_20210503	GCA_027563665.2		Antrozous pallidus					TK200870	male	GCA_027563665-GB_2025_12_03	Chromosome	2026-05-11	JAOAOB02	88
mNycCou1.pri	GCA_027406575.1	GCF_027406575.1	Nycticebus coucang					mNycCou1	male		Chromosome	2022-12-28	JAPZEE01	84
mDroGli1.pri	GCA_019393635.1	GCF_019393635.1	Dromiciops gliroides					mDroGli1	female		Chromosome	2021-08-03	JAHYBR01	17
P.lotor_Micro_v1.0	GCA_055474045.1		Procyon lotor					Micro	female		Chromosome	2026-02-24	JAKROE01	167
IOZCAS_Dsag_1.1	GCA_036346955.1		Dipus sagitta				halli	NM19106	female		Chromosome	2024-02-05	JAEEGE01	487
mJacJac1.mat.Y.cur	GCA_020740685.1	GCF_020740685.1	Jaculus jaculus					mJacJac1	male		Chromosome	2021-11-04	JAJGSA01	159
mChoDid1.pri	GCA_015220235.1	GCF_015220235.1	Choloepus didactylus					mChoDid1	male		Chromosome	2020-11-03	JADCNF01	145
mSciVul1.2	GCA_902686455.2	GCF_902686455.1	Sciurus vulgaris								Chromosome	2020-07-31	CACRXJ02	638
mPhyDis1.pri.v3	GCA_004126475.3	GCF_004126475.2	Phyllostomus discolor					MPI-MPIP mPhyDis1	male		Chromosome	2020-05-12	RXPA02	77
mBalMus1.pri.v3	GCA_009873245.3	GCF_009873245.2	Balaenoptera musculus					JJ_BM4_2016_0621	male		Chromosome	2020-10-02	VNFC03	105
ASM4783464v1	GCA_047834645.1		Nasalis larvatus					XQ-2022a	male	Annotation submitted by Northwest University	Chromosome	2025-02-18	JBLOOW01	933
mDelDel1.2	GCA_949987515.2	GCF_949987515.2	Delphinus delphis								Chromosome	2024-09-07	CATLKE02	630
mGraGri1.hap1.1	GCA_964374135.1	GCF_964374135.1	Grampus griseus								Chromosome	2024-11-29	CAYJXX01	1145
mEriEur2.1	GCA_950295315.1	GCF_950295315.1	Erinaceus europaeus								Chromosome	2023-05-01	CATNUA01	1174
ASM1932006v1	GCA_019320065.1	GCF_019320065.1	Cervus canadensis					Bull #8, Minnesota	male		Chromosome	2021-07-26	JACTMD01	185
Puncia_PCG_1.0	GCA_023721935.1	GCF_023721935.1	Panthera uncia					11264	female		Chromosome	2022-06-16	JAJAOB01	2635
mMusNiv2.hap1.1	GCA_964662115.1	GCF_964662115.1	Mustela nivalis								Chromosome	2025-01-03	CBAAEQ01	3179
mSaiBol1.pri	GCA_048565385.1	GCF_048565385.1	Saimiri boliviensis					mSaiBol1	male		Chromosome	2025-03-12	JBLWOU01	62
mDicBic1.mat.cur	GCA_020826845.1	GCF_020826845.1	Diceros bicornis minor					mBicDic1	female		Chromosome	2021-11-10	JAJIAY01	1075
mDicSum1.hap1	GCA_060039915.1		Dicerorhinus sumatrensis sumatrensis					mDicSum1	male		Chromosome	2026-08-12	JCAJRG01	403
OtoMan_p1.0	GCA_028564725.2		Otocolobus manul					Tater	male		Chromosome	2023-11-27	JAQHUJ01	23
ASM3183507v1	GCA_031835075.1		Saguinus oedipus					B95-8	male	Annotation submitted by The Ohio State University	Chromosome	2023-09-25	JASSZA01	439
ASM5353835v2	GCA_053538355.2		Rousettus leschenaultii					GML-RouLes	male		Chromosome	2026-03-20	JBRKBD02	74
ASM3001541v1	GCA_030015415.1		Cynopterus sphinx					CYSPWHU	female		Chromosome	2023-05-16	JAKZJJ01	181
mMusLut2.pri	GCA_030435805.1	GCF_030435805.1	Mustela lutreola					mMusLut2	male		Chromosome	2023-07-13	JAUCGO01	25
mHetBru1.pri	GCA_028571685.1		Heterohyrax brucei					mHetBru1	male	GCA_028571685.1-GB_2026_01_08	Chromosome	2023-02-10	JAQRHT01	62
CAU_F1_maternal_1.0	GCA_023701675.1		Ovis ammon polii x Ovis aries					F1 hybrid	male	Annotation submitted by China Agricultural University	Chromosome	2022-06-10	JALAIW01	337
mRupRup1.1	GCA_963981305.1		Rupicapra rupicapra								Chromosome	2024-03-10	CAXCFB01	75
ASM5485949v1	GCA_054859495.1		Tapirus terrestris					DDM	male		Chromosome	2026-01-30	JBNVTR01	50
UM_Priviv_1.0	GCA_022837055.1	GCF_022837055.1	Prionailurus viverrinus					Anna	female		Chromosome	2022-04-08	JALEAK01	191
ASM2941059v1	GCA_029410595.1		Martes flavigula					Sichuan	male		Chromosome	2023-03-27	JAODOS01	128
Takin1.1	GCA_023091745.2	GCF_023091745.1	Budorcas taxicolor					Tak-1	male		Chromosome	2022-04-22	JAKGDW01	1362
ASM4291946v1	GCA_042919465.1		Scaptochirus moschatus					CL_2024	male		Chromosome	2024-10-15	JBFCTN01	255
ASM4372783v1	GCA_043727835.1		Aselliscus stoliczkanus				China	2021113_DDA	male	GCA_043727835.1-GB_2025_08_08	Chromosome	2024-10-24	JARPMH01	74
Uoulu_pteVol_1.0	GCA_051107445.1		Pteromys volans					PV54	male		Chromosome	2025-06-26	JBFSHP01	637
UCinereo1.0	GCA_032313775.1		Urocyon cinereoargenteus				Vermont	ataVT051	male		Chromosome	2023-10-04	JAVLSZ01	898
mEquGre1.hap2	GCA_057877195.1		Equus grevyi					mEquGre1	female		Chromosome	2026-06-03	JBXADC01	274
mMopCon1.pri	GCA_043748645.2		Mops condylurus				Cote d'Ivoire	20210831_DDa	male		Chromosome	2026-05-15	JARPMO02	34
HLeliQue1A	GCA_051143605.1		Eliomys quercinus				Western European	TS-2025a			Chromosome	2025-06-30	JBOITW01	180
mCriCri2.1	GCA_964304595.1		Cricetus cricetus								Chromosome	2024-11-06	CAYAQO01	48
mMicPen1.hap1	GCA_037038515.1	GCF_037038515.1	Microtus pennsylvanicus					mMicPen1	male		Chromosome	2024-03-06	JBANDQ01	180
WHU_Tmel_v1	GCA_044509165.1		Taphozous melanopogon					203096	male		Chromosome	2024-11-06	JBBMOG01	26
NWIPB_Pralbi_1.0	GCA_046563475.2		Cervus albirostris					WLD_BCL_ZDX	male		Chromosome	2025-01-08	JBEFZJ01	1972
mIniGeo1.hap1	GCA_036417435.1		Inia geoffrensis					mIniGeo1	male	GCA_036417435.1-GB_2026_01_11	Chromosome	2024-02-06	JAZAQT01	902
mEubGla1.1.hap2.+ XY	GCA_028564815.2	GCF_028564815.1	Eubalaena glacialis					mEubGla1	male		Chromosome	2023-02-09	JAQRBK01	788
mMusErm1.Pri	GCA_009829155.1	GCF_009829155.1	Mustela erminea					mMusErm1	male		Chromosome	2020-01-03	WNLY01	93
mHipLar1.pri	GCA_031876335.1		Hipposideros larvatus					mHipLar1	female	GCA_031876335.1-GB_2025_10_17	Chromosome	2023-09-25	JAVKSA01	69
ASM3987782v1	GCA_039877825.1		Muntiacus vaginalis					HNJ_1	female		Chromosome	2024-05-29	JBDIXW01	329
mMyoDau2.hap1.2	GCA_963259705.2		Myotis daubentonii								Chromosome	2025-04-09	CAUJLG02	175
SNNU_Nfu_v1	GCA_047571435.1		Neodon fuscus					SNNU	male		Chromosome	2025-02-10	JBIEOQ01	338
mMolMol1.pri	GCA_014108415.2		Molossus molossus					mMolMol1	male		Chromosome	2026-01-22	JACASF02	45
mCorTow1.1.hap2	GCA_026230045.2		Corynorhinus townsendii					COTO_CA2020_CCGP	male		Chromosome	2025-12-17	JAPDVU02	165
mPhoSin1.pri	GCA_008692025.1	GCF_008692025.1	Phocoena sinus					mPhoSin1	female		Chromosome	2019-09-26	VOSU01	64
mEreDor1.pri	GCA_028451465.1		Erethizon dorsatum					mEreDor1	male	GCA_028451465.1-GB_2025_12_01	Chromosome	2023-02-06	JAQMCO01	115
ASM2149846v1	GCA_021498465.1		Hylobates pileatus					KIZ-2021_10	male		Chromosome	2022-01-19	JAKFGR01	743
mPipKuh1.pri	GCA_014108245.2		Pipistrellus kuhlii					mPipKuh1	male		Chromosome	2025-12-17	JACAGB02	81
mTamTet1.pri	GCA_023851605.1	GCF_023851605.1	Tamandua tetradactyla					mTamTet1	male		Chromosome	2022-06-22	JAMSGI01	200
mLynCan4.pri.v2	GCA_007474595.2	GCF_007474595.2	Lynx canadensis					LIC74	male		Chromosome	2020-07-14	VHLE02	54
MCyc01	GCA_026956025.1		Macaca cyclopis					10D7	female		Chromosome	2022-12-19	JAHZQV01	119
mCalLat2.hap1	GCA_048772815.1	GCF_048772815.1	Callospermophilus lateralis					mCalLat2	male	GCA_048772815.1-GB_2025_10_14	Chromosome	2025-03-21	JBMETG01	8087
BCGSAC_Cfer_1.0	GCA_009834535.1	GCF_009834535.1	Camelus ferus					YT-003-E	male		Chromosome	2020-01-08	VSZR01	2042
mApoSyl1.1	GCA_947179515.1	GCF_947179515.1	Apodemus sylvaticus								Chromosome	2022-10-28	CAMXCG01	497
mHalGry1.hap1.1	GCA_964656455.1	GCF_964656455.1	Halichoerus grypus								Chromosome	2025-01-02	CAZZRU01	170
mGloMel1.2	GCA_963455315.2	GCF_963455315.2	Globicephala melas								Chromosome	2024-09-07	CAUOHG02	992
mMesBid2.hap1.1	GCA_964165515.1	GCF_964165515.1	Mesoplodon bidens								Chromosome	2024-06-06	CAXLBW01	1601
mPerGun1.2_20251003	GCA_056321495.1		Perameles gunnii					EBB01	female		Chromosome	2026-03-25	JBWDPJ01	1462
mBalBor1.hap1.1	GCA_965194805.1	GCF_965194805.1	Balaenoptera borealis								Chromosome	2025-03-10	CBDAFA01	2571
mMusAve1.1	GCA_963383645.1	GCF_963383645.1	Muscardinus avellanarius								Chromosome	2023-08-26	CAUJNS01	212
mOncTor1.1	GCA_903995425.1	GCF_903995425.1	Onychomys torridus								Chromosome	2020-08-21	CAJFAA01	2949
mMicMin1.1	GCA_963924665.1	GCF_963924665.1	Micromys minutus								Chromosome	2024-01-29	CAWUQU01	893
mMarMar1.1	GCA_963455335.1	GCF_963455335.1	Martes martes								Chromosome	2023-09-20	CAUOHJ01	476
bilby.v1.9.chrom.fasta	GCA_037893015.1	GCF_037893015.1	Macrotis lagotis					mMagLag1	female		Chromosome	2024-04-04	JAZEUY01	608
mzib.min_150.pseudohap2.1_HiC.purged	GCA_040938815.1		Martes zibellina		10xmzib				female		Chromosome	2024-07-30	JBEHDY01	18010
UCB_Mmun_1.0	GCA_008782695.1		Muntiacus muntjak					UTSW_UCB_Mm	female	Annotation submitted by University of California, Berkeley	Chromosome	2019-10-07	VCEA01	25651
PAHARI_EIJ_v1.1	GCA_900095145.2	GCF_900095145.1	Mus pahari						female		Chromosome	2017-04-28	FMBV02	2581
mRucEld1.hap2	GCA_054824845.1		Rucervus eldii thamin					mRucEld1	female		Chromosome	2026-01-29	JBTVSE01	902
TAMU_Opar_alb_1.0	GCA_058742865.1		Leopardus pardalis albescens					LAO03M	male		Chromosome	2026-06-30	JBWGWQ01	108
TAMU_L.serval_SxD256_v1.0.pat	GCA_056512435.1		Leptailurus serval					LseSxD256	female		Chromosome	2026-04-01	JBNJOB01	113
mRhyNas2.hap2	GCA_037038555.1		Rhynchonycteris naso					mRhyNas2	male		Chromosome	2024-03-06	JBAKBJ01	38
serow.2	GCA_032405125.2	GCF_032405125.1	Capricornis sumatraensis					serow.1	pooled male and female		Chromosome	2024-03-13	JAXIOT01	158
mAnoDer1.hap1	GCA_058744715.1		Anomalurus derbianus					mAnoDer1	female		Chromosome	2026-07-02	JBZXKD01	223
mMyoVel1.0	GCA_056320415.1		Myotis velifer					LE001	male		Chromosome	2026-03-25	JBPVWJ01	156
mCapNub1.hap1	GCA_054855995.1		Capra nubiana					mCapNub1	male		Chromosome	2026-01-30	JBTVNK01	226
FelChav1.0	GCA_019924945.1		Felis chaus					Fch-1a	male		Chromosome	2021-09-14	JAGKTF01	52
OSU_ERuf_1	GCA_041146395.1	GCF_041146395.1	Eulemur rufifrons					Redbay	female		Chromosome	2024-08-16	JBFNAD01	647
mNotTyp1.pri	GCA_048126345.2		Notoryctes typhlops				Waite Creek area	ABTC07570	female		Chromosome	2026-01-23	JBLRMK02	688
mRouMad1.hap2	GCA_059802175.1		Rousettus madagascariensis					mRouMad1	male		Chromosome	2026-08-04	JCASON01	65
ASM4182541v1	GCA_041825415.1		Rhinolophus rex					M181101	male		Chromosome	2024-09-09	JBGVUD01	149
mMolNig1.hap1	GCA_039880945.1		Molossus nigricans					mMolNig1	male	GCA_039880945.1-GB_2025_09_03	Chromosome	2024-05-29	JBDPII01	365
mMolAlv2.hap2	GCA_037176705.1		Molossus alvarezi					mMolAlv2	female		Chromosome	2024-03-15	JBAWUJ01	287
mCynVol1.pri	GCA_027409185.1	GCF_027409185.1	Cynocephalus volans					mCynVol1	male		Chromosome	2022-12-28	JAPWCP01	130
mPepEle1.hap2	GCA_051427955.1		Peponocephala electra					mPepEle1	male		Chromosome	2025-07-21	JBPPFU01	167
mMarFoi2.1	GCA_964304585.1		Martes foina								Chromosome	2024-11-06	CAYAQN01	22
TBG_Okapi_asm_v1	GCA_024291935.2		Okapia johnstoni					TBG_1119_Moyo	male		Chromosome	2022-07-16	JAGTYA01	3653
NENU_Navi_2.0	GCA_036971965.2		Nyctalus aviator					NycAvi_Female_1.0	female		Chromosome	2024-05-31	JAPZQD02	195
mTreOrn2.0.pri	GCA_054642835.1		Tremarctos ornatus					KB8897	male		Chromosome	2026-01-21	JBTVSB01	257
mArtLit1.hap2	GCA_038363175.3		Artibeus lituratus					mArtLit1	male		Chromosome	2025-04-29	JBAWUR03	312
mPseCra1.hap1	GCA_039906515.1	GCF_039906515.1	Pseudorca crassidens					mPseCra1	male		Chromosome	2024-05-31	JBDMAU01	438
mLasEga1.hap2	GCA_058972195.1		Lasiurus ega					mLasEga1	male		Chromosome	2026-07-06	JBZXKO01	591
CapIbe1.0	GCA_054642885.1		Capra ibex					Odissea	female	Annotation submitted by Istituto Italiano di Tecnologia	Chromosome	2026-01-07	JBIMMJ01	1037
CXZ	GCA_036325905.1		Lepus oiostolus				The Qinghai-Tibet Plateau	SH-2023			Chromosome	2024-02-05	JAWMBE01	112
ASM4488510v2	GCA_044885105.2		Pipistrellus abramus					XJ-2024a	male		Chromosome	2026-01-29	JBINKG02	48
BalEdn.hic.v1	GCA_052818205.1		Balaenoptera edeni					HK-072023	male		Chromosome	2025-09-24	JBDJPH01	128
VMU_Caureus_v.1.0	GCA_053574225.1	GCF_053574225.1	Canis aureus					CA01	male		Chromosome	2025-11-21	JBPVXR01	306
mPipPyg2.hap1.2	GCA_949987585.2		Pipistrellus pygmaeus								Chromosome	2025-04-09	CATLKC02	327
mLeoRos1.hap1	GCA_054824895.1		Leontopithecus rosalia					mLeoRos1	male		Chromosome	2026-01-29	JBTBFD01	429
mTadTen1.hap1.1	GCA_976988885.1		Tadarida teniotis								Chromosome	2025-11-08	CDRKIM01	640
ASM2450048v1	GCA_024500485.1		Vulpes ferrilata					lyu1992	male		Chromosome	2022-08-01	JAJBZS01	234
AdamAnt_v2	GCA_016432865.2	GCF_016432865.1	Antechinus flavipes				Samford, QLD, Australia	AdamAnt	male		Chromosome	2021-01-06	JADWMD01	485
mVesMur1.hap1.2	GCA_963924515.2		Vespertilio murinus								Chromosome	2025-04-09	CAWUQJ02	267
mMesDen1 primary haplotype	GCA_025265405.1	GCF_025265405.1	Mesoplodon densirostris					mMesDen1	male		Chromosome	2022-09-19	JANXIL01	73
mCenSen1.hap1	GCA_058972505.1		Centurio senex					mCenSen1	female		Chromosome	2026-07-06	JBZXKZ01	811
mMyoNat1.hap1.2	GCA_964212035.2	GCF_964212035.1	Myotis nattereri								Chromosome	2025-03-28	CAXOTG02	211
ASM5586095v1	GCA_055860955.1		Tylonycteris robustula					YYR-2026a			Chromosome	2026-03-13	JBVVKR01	64
zhanglab2022	GCA_030463245.1		Vulpes corsac					zsh2022	male		Chromosome	2023-07-18	JAOVTI01	202
mTenEca1.hap1	GCA_050624435.1	GCF_050624435.1	Tenrec ecaudatus					mTenEca1	male		Chromosome	2025-05-30	JBNYUK01	2180
mCteGun2.hap1	GCA_048771875.1		Ctenodactylus gundi					mCteGun2	female	GCA_048771875.1-GB_2025_08_12	Chromosome	2025-03-21	JBMERT01	535
mBalRic1.hap2	GCA_028023285.1	GCF_028023285.1	Balaenoptera ricei					mBalRic1	female		Chromosome	2023-01-30	JAQMGZ01	774
mApoAgr2.1	GCA_964023405.1		Apodemus agrarius								Chromosome	2024-04-12	CAXIEO01	60
mSylFlo1.10	GCA_949820135.1		Sylvilagus floridanus								Chromosome	2023-04-19	CATKVR01	99
ASM4388054v1	GCA_043880545.1		Rhinopoma microphyllum					20210906_DDa	male	GCA_043880545.1-GB_2025_10_13	Chromosome	2024-10-28	JARUKN01	106
SNNU_BFC_1	GCA_032458615.1		Felis nigripes					JY-2023a	female		Chromosome	2023-10-11	JAVSGG01	357
mChiNiv1.1	GCA_950005125.1	GCF_950005125.1	Chionomys nivalis								Chromosome	2023-05-01	CATLKQ01	160
NW_LepCap_1.0	GCA_042027585.1		Lepus capensis	Cape hare				XD-2024	male		Chromosome	2024-09-19	JBHEQN01	924
mMyoMys1.hap1.2	GCA_964094495.3		Myotis mystacinus								Chromosome	2025-10-26	CAXKYI03	240
ASM4388042v1	GCA_043880425.1		Rhinolophus yonghoiseni				Malaysia	20210929_DDd	female	GCA_043880425.1-GB_2025_11_02	Chromosome	2024-10-28	JARCGW01	1485
mTriInu1 haplotype 2	GCA_046562895.1		Trichechus inunguis					mTriInu1	male	GCA_046562895.1-GB_2025_09_06	Chromosome	2025-01-08	JBKGUF01	401
ASM4388059v1	GCA_043880595.1		Megaderma spasma				Vietnam	20211001_DDb	male	GCA_043880595.1-GB_2025_12_03	Chromosome	2024-10-28	JAREJN01	418
mSacBil1_pri_phased_curated	GCA_036850765.1	GCF_036850765.1	Saccopteryx bilineata					mSacBil1	male		Chromosome	2024-02-26	JAWMAK01	256
ASM2389825v1	GCA_023898255.1		Nycticebus bengalensis					KIZ-2021_18			Chromosome	2022-06-27	JAKFHK01	3383
mSacLep1_pri_phased_curated	GCA_036850995.1	GCF_036850995.1	Saccopteryx leptura					mSacLep1	male		Chromosome	2024-02-26	JAVMPD01	167
mPipNat.pri	GCA_963693515.1		Pipistrellus nathusii							Annotation submitted by Leibniz Institute for Zoo and Wildlife Research	Chromosome	2024-02-07	CAVNZX01	153
PleCup_hybrid	GCA_040437455.1		Plecturocebus cupreus					I1	male	Annotation submitted by Arizona State University	Chromosome	2024-07-02	JBDJOS01	1288
ASM4388028v1	GCA_043880285.1		Doryrhina cyclops				Cote d'Ivoire	20210929_DDa	female	GCA_043880285.1-GB_2025_12_03	Chromosome	2024-10-28	JARCLX01	65
UniMelb_DasViv_v1.0	GCA_020854095.1		Dasyurus viverrinus					TARZ-13805.1	female		Chromosome	2021-11-12	JAJAFV01	76
ASM4372814v1	GCA_043728145.1		Rhinolophus trifoliatus				Malaysia		male	GCA_043728145.1-GB_2025_10_26	Chromosome	2024-10-24	JARDWN01	125
ROS_Pafr_v1	GCA_016906955.1	GCF_016906955.1	Phacochoerus africanus					WHEZ1	female		Chromosome	2021-02-19	JACMRZ01	194
mTupTan1.pri	GCA_026018925.2		Tupaia tana					BS70		GCA_026018925.2-GB_2026_01_09	Chromosome	2025-12-17	JAKSZU02	1209
mArvAmp1.2	GCA_903992535.2	GCF_903992535.2	Arvicola amphibius								Chromosome	2021-05-15	CAJEUG02	215
mSunEtr1.pri.cur	GCA_024139225.1	GCF_024139225.1	Suncus etruscus					mSunEtr1	male		Chromosome	2022-07-06	JAMYDX01	147
mAcoRus1.1	GCA_903995435.1	GCF_903995435.1	Acomys russatus								Chromosome	2020-08-21	CAJFAB01	623
mSteCoe1.1	GCA_951394435.1	GCF_951394435.1	Stenella coeruleoalba								Chromosome	2023-06-16	CATOBZ01	637
mSpeCit3.1	GCA_964194105.1	GCF_964194105.1	Spermophilus citellus								Chromosome	2024-06-28	CAXMLD01	497
mTalEur1.hap1.1	GCA_964194135.1	GCF_964194135.1	Talpa europaea								Chromosome	2024-06-28	CAXMLJ01	463
mLagAlb1.1	GCA_949774975.1	GCF_949774975.1	Lagenorhynchus albirostris								Chromosome	2023-04-08	CATKRZ01	409
mMesMir1.hap1.2	GCA_964341445.2		Mesoplodon mirus								Chromosome	2026-07-06	CAYFDW02	2364
mHypAmp2.1	GCA_949752795.1	GCF_949752795.1	Hyperoodon ampullatus								Chromosome	2023-04-08	CATKHW01	756
mPleAur1.1	GCA_963455305.1	GCF_963455305.1	Plecotus auritus								Chromosome	2023-09-20	CAUOHF01	64
mRhiHip2.hap1.1	GCA_964194185.1	GCF_964194185.1	Rhinolophus hipposideros								Chromosome	2024-06-28	CAXMLL01	722
PerEre_H2_v1	GCA_949786415.1	GCF_949786415.1	Peromyscus eremicus								Chromosome	2023-04-08	CATKUO01	4296
Obeecheyi_v1	GCA_051821045.1		Otospermophilus beecheyi		wild		Berkeley		female		Chromosome	2025-08-05	JBLFFD01	1383
CEY_v1	GCA_010411085.1		Cervus hanglu yarkandensis					CEY-2017	male	Annotation submitted by Institute of Special Wild Economic Animals and Plants, Chinese Academy of Agricultural Sciences	Chromosome	2020-02-12	WMHW01	17927
ASM220157v2	GCA_002201575.2	GCF_002201575.2	Neomonachus schauinslandi						male		Chromosome	2021-10-20	NINY02	8094
Cryptoprocta_ferox_HiC	GCA_028646485.1		Cryptoprocta ferox					Sample0336	male		Chromosome	2023-02-16	JAQQST01	185515
Rhinoceros_unicornis_HiC	GCA_028646465.1		Rhinoceros unicornis					Sample0755	male		Chromosome	2023-02-16	JAQQSS01	273665
ASM277652v5	GCA_002776525.5	GCF_002776525.5	Piliocolobus tephrosceles					RC106	male		Chromosome	2019-12-12	PDMG03	32287
Chrysocyon_brachyurus_HiC	GCA_028533335.1		Chrysocyon brachyurus					Sample0146	male		Chromosome	2023-02-09	JAQIGB01	120371
Helarctos_malayanus_HiC	GCA_028533245.1		Helarctos malayanus					Sample0289	male		Chromosome	2023-02-09	JAPYYF01	726300
Steno_bredanensis_HiC	GCA_028646385.1		Steno bredanensis					Sample2567	male		Chromosome	2023-02-16	JAQQSN01	221678
ASM5417740v2	GCA_054177405.2	GCF_054177405.1	Leptonychotes weddellii								Chromosome	2025-12-24	JBLRMC01	396180
Varecia_variegata_HiC	GCA_028533085.1		Varecia variegata					Sample0354	female		Chromosome	2023-02-10	JAQIFY01	984208
Cpen_1.0	GCA_046862485.1		Callithrix penicillata					BDCRC01	female		Chromosome	2025-01-22	JBKIDM01	12090
UCSF_Mcou_1	GCA_008632895.1	GCF_008632895.1	Mastomys coucha					ucsf_1	male		Chromosome	2019-09-24	VSBT01	27
PSIB_hic	GCA_028975605.1		Pusa sibirica		PUSI1m				male		Chromosome	2023-03-08	JAQFWT01	49645
ASM4374857v1	GCA_043748575.1		Rhinolophus perniger lanosus					20210929_DDc	male	GCA_043748575.1-GB_2025_11_02	Chromosome	2024-10-24	JARWAW01	65
mZapHud2.hap2	GCA_057945955.1		Zapus hudsonius luteus					mZapHud2	male		Chromosome	2026-06-04	JBYDFH01	262
mLagAcu1.hap1.1	GCA_964270905.1	GCF_964270905.1	Leucopleurus acutus								Chromosome	2024-09-29	CAXWTB01	898
mEptNil1.1	GCA_951640355.1	GCF_951640355.1	Cnephaeus nilssonii								Chromosome	2023-05-18	CATOCV01	206
mDerPha1.hap2	GCA_051107595.1		Dermanura phaeotis					mDerPha1	male		Chromosome	2025-06-26	JBPCCN01	102
mMyoEvo1.0	GCA_056320405.1		Myotis evotis					MEvo1			Chromosome	2026-03-25	JBPVWL01	117
mMyoVol1.0	GCA_056320705.1		Myotis volans					B2S1-22	male		Chromosome	2026-03-25	JBPVWN01	78
mMyoCai1.0	GCA_056320955.1		Myotis californicus					W8-MyCa	female		Chromosome	2026-03-25	JBPVWP01	84
mMyoThy1.0	GCA_056320715.1		Myotis thysanodes					MThy1	male		Chromosome	2026-03-25	JBPVWK01	75
mMonMoa1.1	GCA_976986665.1		Monachus monachus								Chromosome	2025-11-08	CDRKBZ01	275
mMyoOcc1.0	GCA_056320795.1		Myotis occultus					B2S1-25	male		Chromosome	2026-03-25	JBPVWM01	69
mGarKee1.hap2	GCA_050655445.1		Gardnerycteris keenani					mGarKee1	male		Chromosome	2025-06-02	JBOKGI01	83
mMyoAui1.0	GCA_056320785.1		Myotis auriculus					B2S1-17	male		Chromosome	2026-03-25	JBPVWO01	136
mGloMut1.hap1	GCA_039655065.1		Glossophaga mutica					mGloMut1	female	GCA_039655065.1-GB_2025_08_29	Chromosome	2024-05-17	JBCAQL01	81
mEidDup1.hap2	GCA_059749105.1		Eidolon dupreanum					mEidDup1	female		Chromosome	2026-08-03	JCBABP01	54
mArtInt1.hap2	GCA_038363225.1		Artibeus intermedius					mArtInt1	male		Chromosome	2024-04-22	JBAWUT01	187
mRhiCli1.hap1	GCA_054645015.1		Rhinolophus clivosus					mRhiCli1	male		Chromosome	2026-01-22	JBTNEC01	270
ARS_Pied_mat1.0	GCA_946052875.1		Bos gaurus x Bos taurus								Chromosome	2022-09-11	CAMGDQ01	996
mEumNan1.hap1	GCA_058972175.1		Eumops nanus					mEumNan1	female		Chromosome	2026-07-06	JBZXKL01	158
mCepZeb1.hap1	GCA_054099735.1		Cephalophula zebra					mCepZeb1	female		Chromosome	2025-12-18	JBSLPA01	598
mCarSow1.hap1	GCA_051307085.1		Carollia sowelli					mCarSow1	female		Chromosome	2025-07-14	JBOBQR01	508
mPerGos1.hap1	GCA_057877385.1		Peromyscus gossypinus allapaticola					mPerGos1	male		Chromosome	2026-06-03	JBXXQC01	463
mEptFur1.hap2	GCA_054644445.1		Neoeptesicus furinalis					mEptFur1	female		Chromosome	2026-01-22	JBRANB01	86
mMyoTri1.hap1	GCA_054824995.1		Myotis tricolor					mMyoTri1	male		Chromosome	2026-01-29	JBTBEZ01	188
mMyoPil1.hap1	GCA_057888715.1		Myotis pilosatibialis					mMyoPil1	female		Chromosome	2026-06-03	JBVAYK01	115
mMicMic1.hap2	GCA_051107335.1		Micronycteris microtis					mMicMic1	male		Chromosome	2025-06-26	JBPFCS01	158
mRhiDar1.hap1	GCA_057427945.1		Rhinolophus darlingi					mRhiDar1	male		Chromosome	2026-05-11	JBXXPU01	222
mLepCas1.Hap1.1	GCA_978442995.1		Lepus castroviejoi								Chromosome	2026-02-10	CDZNTQ01	212
mMyoNes1.hap2	GCA_054855975.1		Myotis nesopolus					mMyoNes1	male		Chromosome	2026-01-30	JBTVNJ01	150
mMyoSod1.hap1	GCA_057945255.1		Myotis sodalis					mMyoSod1	male		Chromosome	2026-06-04	JBXADV01	43
mLopEvo1.hap1	GCA_051307075.1		Lophostoma evote					mLopEvo1	male		Chromosome	2025-07-14	JBOBQC01	311
mPhs449_Pusa_saimensis_1	GCA_059488705.1		Pusa saimensis					Tuukka			Chromosome	2026-07-16	JBXAED01	251
mStuPar1.hap2	GCA_054855695.1		Sturnira parvidens					mStuPar1	male		Chromosome	2026-01-30	JBRFIH01	703
mPlaHel1.hap1	GCA_051107505.1		Platyrrhinus helleri					mPlaHel1	male		Chromosome	2025-06-26	JBPCCK01	364
mPipHan1.5	GCA_964339955.5	GCF_964339955.1	Pipistrellus hanaki								Chromosome	2025-07-07	CAYEYA05	140
mMyoEma1.hap1.2	GCA_965115925.2		Myotis emarginatus								Chromosome	2025-04-14	CBCPEJ02	305
mPteRuf1.hap2	GCA_056363655.1		Pteropus rufus					mPteRuf1	female		Chromosome	2026-03-27	JBWDIR01	91
mEptChi1.hap1	GCA_054100705.1		Neoeptesicus chiriquinus					mEptChi1	male		Chromosome	2025-12-18	JBSIDG01	132
mMyoRut1_p1.0	GCA_040207285.2		Clethrionomys rutilus					NRedBackedVole01	male		Chromosome	2025-02-12	JBCDMM02	83
mRhiBla1.hap2	GCA_057428315.1		Rhinolophus blasii					mRhiBla1	male		Chromosome	2026-05-11	JBXXPX01	150
Eruf_1.0	GCA_057930555.1		Eospalax rufescens					ML-2024b	male		Chromosome	2026-06-04	JBLNKN01	2974
ASM4919083v1	GCA_049190835.1		Myospalax aspalax				China's Inner Mongolia autonomous region population	NW-2023a	male		Chromosome	2025-03-31	JAVSBZ01	547
mRhiCys1.hap1	GCA_055761895.1		Rhinopoma cystops					mRhiCys1	male		Chromosome	2026-03-10	JBVQSX01	479
mAcoMin1.4	GCA_964271855.5	GCF_964271855.1	Acomys minous								Chromosome	2025-07-07	CAXWVK05	111
mNeoFlo1.hap1	GCA_050000055.1		Neotoma floridana					mNeoFlo1	male		Chromosome	2025-04-29	JBNBAX01	1381
OncAre_H1_v1	GCA_949786405.1		Onychomys arenicola								Chromosome	2023-04-08	CATKUM01	601
mNycLei1.hap1.2	GCA_964264875.2		Nyctalus leisleri								Chromosome	2025-04-03	CAXWAE02	584
mOliNig2.hap1	GCA_057876635.1		Oligoryzomys nigripes					mOliNig2	female		Chromosome	2026-06-03	JBYHCR01	130
ASM2027666v1	GCA_020276665.1		Muntiacus crinifrons					NWPU-IOZ-01	female		Chromosome	2021-10-05	JAGTXS01	836
DKFZ_Fans_1.0	GCA_053478225.1		Fukomys anselli					934000011235352li	male		Chromosome	2025-11-14	JBPETH01	412
WHU_Pdav_v1	GCA_058219175.1		Pteronotus davyi					M-278415	female		Chromosome	2026-06-16	JBBMOH01	209
ASM2306576v1	GCA_023065765.1		Hexaprotodon liberiensis					ZL_2021b	male		Chromosome	2022-04-22	JAKVTR01	99
Mpsi_1.0	GCA_057930495.1		Myospalax psilurus					ML-2024d	male		Chromosome	2026-06-04	JBLNKL01	2557
OncLeu_H2_v1	GCA_949786385.1		Onychomys leucogaster								Chromosome	2023-04-08	CATKUP01	1053
ASM3024704v1	GCA_030247045.1		Colobus guereza					XZ-2021d	male		Chromosome	2023-06-12	DAKLCV01	2570
mRhyPet1.hap2	GCA_043290065.1		Rhynchocyon petersi					mRhyPet1	male		Chromosome	2024-10-17	JBHNZO01	314
mBabCel1.hap1	GCA_057927545.1		Babyrousa celebensis					mBabCel1	male		Chromosome	2026-06-03	JBXADS01	2201
mLesInc1.hap1	GCA_054644205.1		Lestoros inca					mLesInc1	male		Chromosome	2026-01-22	JBTMPH01	187
ASM1759144v1	GCA_017591445.1		Giraffa camelopardalis rothschildi						male		Chromosome	2021-03-30	JABCKX01	2096
ASM2149847v1	GCA_021498475.1		Saguinus midas					KIZ-2021_24	male		Chromosome	2022-01-19	JAKFGQ01	1785
mSicTri.1	GCA_982266845.1		Sicista trizona								Chromosome	2026-03-14	CEVFMK01	161
Sgui2.0	GCA_060252115.1		Sotalia guianensis				Colombia	MN-2026a	male		Chromosome	2026-07-28	JBWYRC01	537
mBraTor.pri	GCA_963992745.1		Bradypus torquatus								Chromosome	2024-12-06	CAXDVJ01	2915
ASM4819727v1	GCA_048197275.1		Mustela strigidorsa		MSTR1m		Vietnam		male		Chromosome	2025-02-28	JBGGWQ01	263084
Unicamp_Sflu_1.0	GCA_059578065.1		Sotalia fluviatilis				Amazon River basin	MN-2026a			Chromosome	2026-07-22	JBUAZG01	4347
Miopithecus_talapoin_HiC	GCA_028551445.1		Miopithecus talapoin					Sample4097	male		Chromosome	2023-02-09	JAPYXX01	651021
AgileGrace	GCA_016433145.1	GCF_016433145.1	Gracilinanus agilis					LMUSP501	male		Chromosome	2021-01-06	JADWME01	60713
Potos_flavus_HiC	GCA_028534135.1		Potos flavus					Darwin	male		Chromosome	2023-02-09	JAPYYM01	841001
Nasua_narica_HiC	GCA_028533885.1		Nasua narica					Pearl	female		Chromosome	2023-02-09	JAPYYJ01	1091317
Arctocephalus_townsendi_HiC	GCA_028646355.1		Arctocephalus townsendi					Sample3856	male		Chromosome	2023-02-16	JAQQSM01	238431
Sylvilagus_bachmani_HiC	GCA_015711505.1		Sylvilagus bachmani					Sample2420	female		Chromosome	2020-12-04	JADBBT01	524010
Xerus_rutilus_HiC	GCA_028644305.1		Xerus rutilus					Sample2593	male		Chromosome	2023-02-16	JAQQSJ01	1123228
Lagorchestes_hirsutus_HiC	GCA_028533205.1		Lagorchestes hirsutus					LH01	male		Chromosome	2023-02-09	JAPYYB01	569642
Uromys_caudimaculatus_HiC	GCA_028551405.1		Uromys caudimaculatus					Sample2588	female		Chromosome	2023-02-09	JAPYYD01	559416
Pachyuromys_duprasi_HiC	GCA_028658305.1		Pachyuromys duprasi					Sample0678	female		Chromosome	2023-02-17	JAQQSO01	502065
Potorous_gilbertii_HiC	GCA_028658325.1		Potorous gilbertii					Sample3880	male		Chromosome	2023-02-17	JAQQSK01	1148168
mg-2k	GCA_028627215.1		Macropus giganteus					Sample1143	male		Chromosome	2023-02-16	JAQQTA01	1012328
Eulemur_mongoz_HiC	GCA_028534055.1		Eulemur mongoz					Sample1262	male		Chromosome	2023-02-09	JAPYYL01	1055658
Coendou_prehensilis_HiC	GCA_028534165.1		Coendou prehensilis					Bobby Sue	female		Chromosome	2023-02-09	JAPYYN01	1753065
mf-2k	GCA_028583105.1		Macropus fuliginosus					Sample1290	female		Chromosome	2023-02-10	JAQMYV01	1417799
Cercopithecus_mitis_HiC	GCA_028627265.1		Cercopithecus mitis					Sample3913	female		Chromosome	2023-02-16	JAQQSH01	1396160
pg-2k	GCA_028646595.1		Phalanger gymnotis					Sample0438	male		Chromosome	2023-02-16	JAQQSZ01	1142900
Pseudochirops_cupreus_HiC	GCA_028627135.1		Pseudochirops cupreus					Sample1791			Chromosome	2023-02-16	JAQQSU01	1056511
Pseudochirops_corinnae_HiC	GCA_028646515.1		Pseudochirops corinnae					Sample1771			Chromosome	2023-02-16	JAQQSV01	551799
mAcoPer2_REL_1905	GCA_907169655.1		Acomys percivali								Chromosome	2021-07-06	CAJRSG01	22442
Pseudocheirus_occidentalis_HiC	GCA_028646575.1		Pseudocheirus occidentalis					Sample1780			Chromosome	2023-02-16	JAQQSW01	917762
NSME_pig_1.2	GCA_006511355.2		Sus scrofa scrofa	NS					male		Chromosome	2021-04-09		20
HU_Pman_SW_mat_3.1	GCA_049852335.1		Peromyscus maniculatus rubidus					BKxSW_F1_SW_parent	female		Chromosome	2025-04-22	JBMNXQ01	24
HU_Pman_BK_pat_3.1	GCA_049852355.1		Peromyscus maniculatus gambelii					BKxSW_F1_BK_parent	male		Chromosome	2025-04-22	JBMNXP01	24
T2T-mGirTip1v1.2.alt	GCA_054371575.1		Giraffa tippelskirchi					mGirTip1	male		Chromosome	2026-01-06	JBRKMD01	14
PWK_PhJ_v3	GCA_921998335.2		Mus musculus musculus								Chromosome	2022-07-01	CAKLHR02	207
JF1_MsJ_v3	GCA_921999095.2		Mus musculus molossinus								Chromosome	2022-07-01	CAKLHU02	1397
CAST_EiJ_T2T_v1	GCA_964188545.1		Mus musculus castaneus		CAST_EiJ						Chromosome	2024-06-23	CAXLPT01	338
ASM1795798v1	GCA_017957985.1		Sus scrofa domesticus	Meishan					female		Chromosome	2021-04-15	JABTCQ01	253
Clu-1	GCA_034620435.1		Canis lupus					wolf_2809A	male		Chromosome	2023-12-27	JARVCP01	119
ASM325472v2	GCA_003254725.2	GCF_003254725.2	Canis lupus dingo					Sandy	female		Chromosome	2020-09-11	QKWQ02	159
MacMul_CN_1	GCA_036172295.1		Macaca mulatta				China	zj_CR2	female		Chromosome	2024-01-26	JAOXJV01	1412
OryCun3.0	GCA_013371645.1		Oryctolagus cuniculus cuniculus					A946	female		Chromosome	2020-06-24	JABWOR01	1091
Macaca_fascicularis_6.0	GCA_011100615.1		Macaca fascicularis	Mauritian cynomolgus macaque				cy0333	male		Chromosome	2020-03-10	JAANEP01	936
ASM5646154v1	GCA_056461545.1		Mesocricetus auratus		LVG(syr)				male		Chromosome	2026-03-31	JAETGQ01	8299
KIZ version 2	GCA_033439345.1		Tupaia belangeri chinensis					KIZ-2021	male		Chromosome	2023-11-09	JAWMBH01	1645
Naked mole-rat maternal	GCA_944319715.1		Heterocephalus glaber								Chromosome	2022-07-01	CALUER01	31
mPerMan1.1.pri	GCA_026229955.2		Peromyscus maniculatus sonoriensis					MVZ:Mamm:240117	male	GCA_026229955.1-GB_2026_02_24	Chromosome	2026-01-22	JAOPKW02	1632
NW_MosBer_1.0	GCA_049115385.1		Moschus berezovskii					FMDL1	male		Chromosome	2025-03-28	JBLYBT01	33
EmaxG-LGv1.0	GCA_033060105.1		Elephas maximus					YXG-2022	male		Chromosome	2023-10-26	JAVYJR01	45
PanTigT.MC.v3	GCA_021130815.1		Panthera tigris tigris					Machali	female		Chromosome	2021-12-09	JAHFZI01	1052
ASM5232475v1	GCA_052324755.1		Cervus nippon kopschi					QY-2025	male		Chromosome	2025-08-28	JBQHDI01	260
AU_CerNipYes_1.0	GCA_054829135.1		Cervus nippon yesoensis					JP_HOKNOK_M01	male		Chromosome	2026-01-29	JBTNMK01	1741
ASM5092620v1	GCA_050926205.1		Vulpes vulpes montana					Qinghai	male		Chromosome	2025-06-16	JAVJIY01	65
Psun_UM_1.1	GCA_023856395.1		Cricetiscus sungorus		SSSS				female		Chromosome	2022-06-29	JAJQIY01	7756
ULRtarCaribou_2v2	GCA_019903745.2		Rangifer tarandus caribou				boreal	CA-31	female		Chromosome	2023-04-17	JAHWTM02	12263
mUrsArc1.1	GCA_056506245.2		Ursus arctos marsicanus					Lauretta	female		Chromosome	2026-04-01	JBNADW01	365
Rangifer_t_t_557	GCA_965153185.1		Rangifer tarandus tarandus								Chromosome	2026-01-07	CBCUDT01	894
BTC_Dleu_Yukka2	GCA_059928025.1		Delphinapterus leucas					spDelLeu-1000000601 	female		Chromosome	2026-08-06	JCBGOS01	98
mMyoLuc1.0	GCA_048340685.1		Myotis lucifugus carissima					MYLU1	female		Chromosome	2025-03-05	JAVIYB01	258
mUrsAme1.1.p	GCA_024610735.2		Ursus americanus					L20-20	male		Chromosome	2025-07-14	JANIGQ02	297
ASM2365373v1	GCA_023653735.1		Ceratotherium simum simum					SL21	male		Chromosome	2022-06-29	JAMKOT01	306
CerSimCot1.0	GCA_021442165.1		Ceratotherium simum cottoni	northern white rhinoceros				KB9947	male		Chromosome	2022-01-12	JAHLFX01	390
NIPB_Tibetan_argali_1.0	GCA_045269445.1		Ovis ammon					HDX-2024	male		Chromosome	2024-11-25	JBIQQL01	96
ASM6025671v1	GCA_060256715.1		Ovis ammon darwini					SBMZS20240413M01	male		Chromosome	2026-08-18	JBXXOW01	1335
CerEla1.0	GCA_002197005.1		Cervus elaphus hippelaphus					Hungarian	male	Annotation submitted by National Agricultural Research and Innovation Centre	Chromosome	2017-06-19	MKHE01	11479
ASM5695681v1	GCA_056956815.1		Alexandromys fortis		Mfo_v1				male		Chromosome	2026-04-28	JBXFWO01	167
Ebai_4.0	GCA_057931235.1		Eospalax fontanierii baileyi					ML-2024a	male		Chromosome	2026-06-04	JBLNKO01	17736
Ecan_1.0	GCA_057930505.1		Eospalax fontanierii cansus					ML-2024c	male		Chromosome	2026-06-04	JBLNKM01	3431
DD_mPhyHas1.pri.curated.20210406	GCA_060309575.1		Phyllostomus hastatus					mPhyHas1	male		Chromosome	2026-08-21	JBAKBK01	53
mThoBot2.hap2	GCA_031878665.1		Megascapheus bottae					mThoBot1	male		Chromosome	2023-09-25	JAVLKI01	340
mPteMes1.pri	GCA_056363955.1		Pteronotus mesoamericanus					mPteMes1	male		Chromosome	2026-03-27	JBWEFK01	27
ASM2306583v1	GCA_023065835.1		Hippopotamus amphibius					ZL_2021a	male		Chromosome	2022-04-22	JAKVTS01	697
mCarSyr1.hap2	GCA_059932575.1		Carlito syrichta fraterculus					mCarSyr1	male		Chromosome	2026-08-07	JCASOB01	777
HU_Ppol_1.3.3	GCA_003704135.2		Peromyscus polionotus subgriseus					PO	female		Chromosome	2019-04-26	RCWS02	5292
ASM5286311v1	GCA_052863115.1		Equus kiang					ZYL	male		Chromosome	2025-09-26	JAOURB01	1593
Diceros_bicornis_HiC	GCA_028533375.1		Diceros bicornis					Sample0434	female		Chromosome	2023-02-09	JAQIGC01	636610
mTamHud2.hap2	GCA_057931055.1		Tamiasciurus hudsonicus grahamensis					mTamHud2	male		Chromosome	2026-06-04	JBYDJJ01	426
mMusNiv1.hap2	GCA_057128425.1		Mustela nivalis vulgaris					mMusNiv1	male		Chromosome	2026-04-30	JBXGLG01	4263
mOryAfe1.hap2	GCA_054668755.1		Orycteropus afer					mOryAfe1	male		Chromosome	2026-01-23	JBTXHH01	269
mMinNat1.hap2	GCA_054644305.1		Miniopterus natalensis					mMinNat1	female		Chromosome	2026-01-22	JBSYVD01	99
Hydrochoerus_hydrochaeris_HiC	GCA_015741225.1		Hydrochoerus hydrochaeris					Pop	male		Chromosome	2020-12-04	JADBBS01	343877
vu-2k	GCA_028626985.1		Vombatus ursinus					Sample0158	female		Chromosome	2023-02-16	JAQQSX01	633732
Theropithecus_gelada_HiC	GCA_028533075.1		Theropithecus gelada					Sample2898			Chromosome	2023-02-10	JAQIFZ01	347802
Papio_papio_HiC	GCA_028645565.1		Papio papio					Sample3915	male		Chromosome	2023-02-16	JAQQSL01	429164
Lama_glama_HiC	GCA_028534125.1		Lama glama					Fiesta	female		Chromosome	2023-02-09	JAPYYK01	1072352
O.geoffroyi_Oge1_pat1.0	GCA_018350155.1	GCF_018350155.1	Leopardus geoffroyi					Oge1	male		Chromosome	2021-05-13	JAFEKB01	46
ASM4765524v1	GCA_047655245.1		Pygathrix nigripes					XQ-2025c	male	Annotation submitted by Northwest University	Chromosome	2025-02-11	JBLIYM01	718
ASM2022607v1	GCA_020226075.1		Hydropotes inermis					NWPU-IOZ-05	female		Chromosome	2021-10-05	JAGTXW01	1712
Mungos_mungo_HiC	GCA_028533875.1		Mungos mungo					Fupi	male		Chromosome	2023-02-09	JAPYXW01	572361
Trachops_cirrhosus_HiC	GCA_028533065.1		Trachops cirrhosus					AMNH-AMCC-225240	male		Chromosome	2023-02-09	JAPYXV01	396519
mZapHud1.hap2	GCA_057945655.1		Zapus hudsonius preblei					mZapHud1	male		Chromosome	2026-06-04	JBYDFF01	163
ASM4043811v1	GCA_040438115.1		Tragelaphus eurycerus isaaci					Barney_WCC	male		Chromosome	2024-07-02	JBBXMO01	34537
Pithecia_pithecia_HiC	GCA_028551515.1		Pithecia pithecia					Jolene	female		Chromosome	2023-02-09	JAPYXZ01	1322362
WSB_EiJ_v3	GCA_921998345.2		Mus musculus domesticus								Chromosome	2022-07-01	CAKLHL02	231
ASM2128878v3	GCA_021288785.3	GCF_021288785.2	Mirounga angustirostris					JK_09032017			Chromosome	2022-12-21	JAJSZF01	142455
UniMelb_ThyCyn2.0_hybrid_assembly	GCA_007646695.3		Thylacinus cynocephalus					PY-MV-C5757	female		Chromosome	2022-04-04	VAHE03	149109
CAROLI_EIJ_v1.1	GCF_900094665.2	GCA_900094665.2	Mus caroli						female	NCBI Mus caroli Annotation Release 101	Chromosome	2017-04-28	FMAL02	3077
ARS_Simm1.0	GCA_018282465.1		Bos taurus x Bison bison					Buzz	male		Chromosome	2021-05-06	JAEQBJ01	1313
mCroZim1.2	GCA_965212715.2		Crocidura gueldenstaedtii								Chromosome	2025-07-07	CBDBWC02	145
HU_Pman_NUB_pat_3.1	GCA_049852375.1		Peromyscus maniculatus nubiterrae					BWxNUB_F1_NUB_parent	male		Chromosome	2025-04-22	JBMNXR01	23
ASM103953v1	GCA_001039535.1		Ovis canadensis canadensis					43U	male		Chromosome	2015-06-25		27
CCYSCv1	GCA_000002175.2	GCF_000002175.1	Pan troglodytes verus								Chromosome	2006-04-20		2
