qseqid	sseqid	sstart	send	sstrand	pident	qcovs	source_file	adjusted_start	adjusted_end
NC_027117.1_pol_8	gb|CM014262.2|	62401928	62399563	minus	96.45	98	GCA_004126475.3_derv_pol	62399063	62402428
NC_027117.1_pol_8	gb|CM014263.2|	68811914	68813723	plus	96.374	75	GCA_004126475.3_derv_pol	68811414	68814223
NC_027117.1_pol_8	gb|CM014267.2|	2703617	2701262	minus	96.095	97	GCA_004126475.3_derv_pol	2700762	2704117
NC_027117.1_pol_8	gb|CM040274.1|	104584535	104586952	plus	99.256	100	GCA_022682395.2_derv_pol	104584035	104587452
NC_027117.1_pol_8	gb|CM040274.1|	198156505	198158880	plus	99.158	100	GCA_022682395.2_derv_pol	198156005	198159380
NC_027117.1_pol_8	gb|CM040277.1|	75491441	75493858	plus	99.793	100	GCA_022682395.2_derv_pol	75490941	75494358
NC_027117.1_pol_8	gb|CM040291.1|	5577760	5580135	plus	99.158	100	GCA_022682495.2_derv_pol	5577260	5580635
NC_027117.1_pol_8	gb|CM040291.1|	76635184	76637601	plus	99.793	100	GCA_022682495.2_derv_pol	76634684	76638101
NC_027117.1_pol_8	gb|CM040301.1|	14451811	14449436	minus	99.242	98	GCA_022682495.2_derv_pol	14448936	14452311
NC_027117.1_pol_8	gb|CM040301.1|	93388165	93385790	minus	99.2	98	GCA_022682495.2_derv_pol	93385290	93388665
NC_027117.1_pol_8	gb|CM076298.2|	45714923	45712509	minus	95.031	99	GCA_038363175.3_derv_pol	45712009	45715423
NC_027117.1_pol_8	gb|CM076298.2|	180641099	180643455	plus	80.975	99	GCA_038363175.3_derv_pol	180640599	180643955
NC_027117.1_pol_8	gb|CM076299.2|	108223675	108226031	plus	80.72	99	GCA_038363175.3_derv_pol	108223175	108226531
NC_027117.1_pol_8	gb|CM076299.2|	215853231	215850841	minus	92.878	99	GCA_038363175.3_derv_pol	215850341	215853731
NC_027117.1_pol_8	gb|CM076300.2|	10703931	10701575	minus	95.121	97	GCA_038363175.3_derv_pol	10701075	10704431
NC_027117.1_pol_8	gb|CM076301.2|	114087860	114090274	plus	94.948	99	GCA_038363175.3_derv_pol	114087360	114090774
NC_027117.1_pol_8	gb|CM076301.2|	181827028	181824659	minus	92.381	99	GCA_038363175.3_derv_pol	181824159	181827528
NC_027117.1_pol_8	gb|CM076302.2|	867772	870162	plus	93.126	99	GCA_038363175.3_derv_pol	867272	870662
NC_027117.1_pol_8	gb|CM076302.2|	105786869	105784455	minus	95.114	99	GCA_038363175.3_derv_pol	105783955	105787369
NC_027117.1_pol_8	gb|CM076302.2|	140162101	140164457	plus	95.078	99	GCA_038363175.3_derv_pol	140161601	140164957
NC_001514.1_pol_6	gb|CM076302.2|	140162128	140164455	plus	75.234	97	GCA_038363175.3_smrv_pol	140161628	140164955
NC_027117.1_pol_8	gb|CM076303.2|	65855544	65857900	plus	80.61	99	GCA_038363175.3_derv_pol	65855044	65858400
NC_027117.1_pol_8	gb|CM076303.2|	65955418	65957774	plus	80.694	99	GCA_038363175.3_derv_pol	65954918	65958274
NC_027117.1_pol_8	gb|CM076303.2|	118285071	118283454	minus	95.303	99	GCA_038363175.3_derv_pol	118282954	118285571
NC_027117.1_pol_8	gb|CM076303.2|	151552287	151554701	plus	94.203	99	GCA_038363175.3_derv_pol	151551787	151555201
NC_027117.1_pol_8	gb|CM076303.2|	151993421	151991031	minus	93.126	99	GCA_038363175.3_derv_pol	151990531	151993921
NC_027117.1_pol_8	gb|CM076304.2|	91104606	91102192	minus	94.907	99	GCA_038363175.3_derv_pol	91101692	91105106
NC_001514.1_pol_6	gb|CM076304.2|	91104579	91102248	minus	75.373	97	GCA_038363175.3_smrv_pol	91101748	91105079
NC_027117.1_pol_8	gb|CM076304.2|	91456095	91453739	minus	95.078	99	GCA_038363175.3_derv_pol	91453239	91456595
NC_027117.1_pol_8	gb|CM076305.2|	59953	57597	minus	80.89	99	GCA_038363175.3_derv_pol	57097	60453
NC_027117.1_pol_8	gb|CM076305.2|	64260185	64262599	plus	94.99	99	GCA_038363175.3_derv_pol	64259685	64263099
NC_001514.1_pol_6	gb|CM076305.2|	64260212	64262543	plus	75.542	97	GCA_038363175.3_smrv_pol	64259712	64263043
NC_027117.1_pol_8	gb|CM076306.2|	83442467	83444823	plus	95.121	97	GCA_038363175.3_derv_pol	83441967	83445323
NC_027117.1_pol_8	gb|CM076306.2|	95439123	95436767	minus	95.206	97	GCA_038363175.3_derv_pol	95436267	95439623
NC_027117.1_pol_8	gb|CM076307.2|	524779	527169	plus	93.085	99	GCA_038363175.3_derv_pol	524279	527669
NC_027117.1_pol_8	gb|CM076307.2|	56903101	56905457	plus	95.163	99	GCA_038363175.3_derv_pol	56902601	56905957
NC_027117.1_pol_8	gb|CM076311.2|	250189	252607	plus	94.254	99	GCA_038363175.3_derv_pol	249689	253107
NC_027117.1_pol_8	gb|CM076311.2|	7167081	7164725	minus	80.797	99	GCA_038363175.3_derv_pol	7164225	7167581
NC_027117.1_pol_8	gb|CM076312.1|	53266	55658	plus	92.594	99	GCA_038363145.1_derv_pol	52766	56158
NC_027117.1_pol_8	gb|CM076313.1|	32801305	32803719	plus	95.114	99	GCA_038363145.1_derv_pol	32800805	32804219
NC_001514.1_pol_6	gb|CM076313.1|	32801332	32803663	plus	75.489	97	GCA_038363145.1_smrv_pol	32800832	32804163
NC_027117.1_pol_8	gb|CM076313.1|	90675689	90673333	minus	95.036	99	GCA_038363145.1_derv_pol	90672833	90676189
NC_027117.1_pol_8	gb|CM076313.1|	103659929	103662285	plus	80.89	99	GCA_038363145.1_derv_pol	103659429	103662785
NC_027117.1_pol_8	gb|CM076315.1|	56308001	56310415	plus	94.865	99	GCA_038363145.1_derv_pol	56307501	56310915
NC_001514.1_pol_6	gb|CM076315.1|	56308028	56310359	plus	75.618	97	GCA_038363145.1_smrv_pol	56307528	56310859
NC_027117.1_pol_8	gb|CM076315.1|	114878862	114881276	plus	94.952	99	GCA_038363145.1_derv_pol	114878362	114881776
NC_027117.1_pol_8	gb|CM076315.1|	165313019	165310663	minus	80.779	99	GCA_038363145.1_derv_pol	165310163	165313519
NC_027117.1_pol_8	gb|CM076316.1|	119333705	119331349	minus	80.763	97	GCA_038363145.1_derv_pol	119330849	119334205
NC_027117.1_pol_8	gb|CM076316.1|	139755305	139757659	plus	94.994	97	GCA_038363145.1_derv_pol	139754805	139758159
NC_001514.1_pol_6	gb|CM076316.1|	139755332	139757657	plus	75.33	97	GCA_038363145.1_smrv_pol	139754832	139758157
NC_027117.1_pol_8	gb|CM076317.1|	65478632	65480988	plus	80.779	99	GCA_038363145.1_derv_pol	65478132	65481488
NC_027117.1_pol_8	gb|CM076317.1|	117749626	117747212	minus	94.99	99	GCA_038363145.1_derv_pol	117746712	117750126
NC_027117.1_pol_8	gb|CM076319.1|	56453983	56456397	plus	94.99	99	GCA_038363145.1_derv_pol	56453483	56456897
NC_001514.1_pol_6	gb|CM076319.1|	56454010	56456341	plus	75.5	97	GCA_038363145.1_smrv_pol	56453510	56456841
NC_027117.1_pol_8	gb|CM076320.1|	314107	316521	plus	94.327	99	GCA_038363145.1_derv_pol	313607	317021
NC_027117.1_pol_8	gb|CM076322.1|	110112483	110110108	minus	92.381	99	GCA_038363145.1_derv_pol	110109608	110112983
NC_027117.1_pol_8	gb|CM076325.1|	3865194	3862839	minus	80.678	99	GCA_038363145.1_derv_pol	3862339	3865694
NC_027117.1_pol_8	gb|CM076325.1|	48422366	48424371	plus	94.619	99	GCA_038363145.1_derv_pol	48421866	48424871
NC_027117.1_pol_8	gb|CM076325.1|	55230415	55228025	minus	93.085	99	GCA_038363145.1_derv_pol	55227525	55230915
NC_027117.1_pol_8	gb|CM076325.1|	55408698	55411116	plus	94.212	99	GCA_038363145.1_derv_pol	55408198	55411616
NC_027117.1_pol_8	gb|CM076326.1|	219824	222239	plus	94.123	99	GCA_038363145.1_derv_pol	219324	222739
NC_027117.1_pol_8	gb|CM076326.1|	26154082	26151726	minus	95.121	99	GCA_038363145.1_derv_pol	26151226	26154582
NC_027117.1_pol_8	gb|CM076326.1|	128297938	128295582	minus	80.89	99	GCA_038363145.1_derv_pol	128295082	128298438
NC_027117.1_pol_8	gb|CM076327.1|	11311096	11308740	minus	94.527	99	GCA_038363145.1_derv_pol	11308240	11311596
NC_027117.1_pol_8	gb|CM076327.1|	21904106	21901716	minus	92.878	99	GCA_038363145.1_derv_pol	21901216	21904606
NC_027117.1_pol_8	gb|CM076328.1|	16846	19185	plus	93.594	97	GCA_038363145.1_derv_pol	16346	19685
NC_027117.1_pol_8	gb|CM076380.2|	147056397	147053983	minus	94.948	99	GCA_038363095.4_derv_pol	147053483	147056897
NC_027117.1_pol_8	gb|CM076381.2|	10102864	10105278	plus	95.072	99	GCA_038363095.4_derv_pol	10102364	10105778
NC_001514.1_pol_6	gb|CM076381.2|	10102891	10105222	plus	75.277	97	GCA_038363095.4_smrv_pol	10102391	10105722
NC_027117.1_pol_8	gb|CM076381.2|	112616035	112618452	plus	94.706	99	GCA_038363095.4_derv_pol	112615535	112618952
NC_027117.1_pol_8	gb|CM076381.2|	180599524	180597134	minus	92.754	99	GCA_038363095.4_derv_pol	180596634	180600024
NC_027117.1_pol_8	gb|CM076382.2|	42858	45248	plus	92.712	99	GCA_038363095.4_derv_pol	42358	45748
NC_027117.1_pol_8	gb|CM076382.2|	885947	888337	plus	93.043	99	GCA_038363095.4_derv_pol	885447	888837
NC_027117.1_pol_8	gb|CM076382.2|	138202029	138204383	plus	94.951	99	GCA_038363095.4_derv_pol	138201529	138204883
NC_001514.1_pol_6	gb|CM076382.2|	138202056	138204381	plus	75.372	97	GCA_038363095.4_smrv_pol	138201556	138204881
NC_027117.1_pol_8	gb|CM076383.2|	507235	509625	plus	92.836	99	GCA_038363095.4_derv_pol	506735	510125
NC_027117.1_pol_8	gb|CM076383.2|	576035	578425	plus	92.795	99	GCA_038363095.4_derv_pol	575535	578925
NC_027117.1_pol_8	gb|CM076383.2|	1135301	1137690	plus	93.043	99	GCA_038363095.4_derv_pol	1134801	1138190
NC_027117.1_pol_8	gb|CM076383.2|	65475990	65478346	plus	80.779	99	GCA_038363095.4_derv_pol	65475490	65478846
NC_027117.1_pol_8	gb|CM076384.2|	517141	519531	plus	92.961	99	GCA_038363095.4_derv_pol	516641	520031
NC_027117.1_pol_8	gb|CM076384.2|	87453338	87450982	minus	94.951	99	GCA_038363095.4_derv_pol	87450482	87453838
NC_027117.1_pol_8	gb|CM076387.2|	486490	488880	plus	93.251	99	GCA_038363095.4_derv_pol	485990	489380
NC_027117.1_pol_8	gb|CM076387.2|	72044920	72047334	plus	95.155	99	GCA_038363095.4_derv_pol	72044420	72047834
NC_027117.1_pol_8	gb|CM076388.2|	3625508	3623094	minus	95.072	99	GCA_038363095.4_derv_pol	3622594	3626008
NC_001514.1_pol_6	gb|CM076388.2|	3625481	3623150	minus	75.447	97	GCA_038363095.4_smrv_pol	3622650	3625981
NC_027117.1_pol_8	gb|CM076391.2|	296059	298477	plus	94.254	99	GCA_038363095.4_derv_pol	295559	298977
NC_027117.1_pol_8	gb|CM076391.2|	6379340	6376992	minus	80.178	99	GCA_038363095.4_derv_pol	6376492	6379840
NC_027117.1_pol_8	gb|CM076394.3|	31549909	31552265	plus	95.078	97	GCA_038363095.4_derv_pol	31549409	31552765
NC_027117.1_pol_8	gb|CM076418.1|	107037153	107034797	minus	80.593	97	GCA_038363225.1_derv_pol	107034297	107037653
NC_027117.1_pol_8	gb|CM076419.1|	60672204	60669790	minus	95.114	99	GCA_038363225.1_derv_pol	60669290	60672704
NC_001514.1_pol_6	gb|CM076419.1|	60672177	60669846	minus	75.563	97	GCA_038363225.1_smrv_pol	60669346	60672677
NC_027117.1_pol_8	gb|CM076419.1|	68068288	68065932	minus	81.017	99	GCA_038363225.1_derv_pol	68065432	68068788
NC_027117.1_pol_8	gb|CM076420.1|	5814999	5812585	minus	95.197	99	GCA_038363225.1_derv_pol	5812085	5815499
NC_027117.1_pol_8	gb|CM076420.1|	74989999	74992413	plus	95.114	99	GCA_038363225.1_derv_pol	74989499	74992913
NC_001514.1_pol_6	gb|CM076420.1|	74990026	74992357	plus	75.447	97	GCA_038363225.1_smrv_pol	74989526	74992857
NC_027117.1_pol_8	gb|CM076420.1|	112607957	112610372	plus	94.868	99	GCA_038363225.1_derv_pol	112607457	112610872
NC_027117.1_pol_8	gb|CM076420.1|	113291455	113293811	plus	81.017	99	GCA_038363225.1_derv_pol	113290955	113294311
NC_027117.1_pol_8	gb|CM076421.1|	134842139	134844553	plus	94.824	99	GCA_038363225.1_derv_pol	134841639	134845053
NC_001514.1_pol_6	gb|CM076421.1|	134842166	134844468	plus	75.624	96	GCA_038363225.1_smrv_pol	134841666	134844968
NC_027117.1_pol_8	gb|CM076421.1|	167529801	167527387	minus	94.948	99	GCA_038363225.1_derv_pol	167526887	167530301
NC_027117.1_pol_8	gb|CM076422.1|	66532888	66535244	plus	80.829	99	GCA_038363225.1_derv_pol	66532388	66535744
NC_027117.1_pol_8	gb|CM076422.1|	119262631	119260225	minus	94.176	99	GCA_038363225.1_derv_pol	119259725	119263131
NC_027117.1_pol_8	gb|CM076423.1|	54890434	54888078	minus	95.291	99	GCA_038363225.1_derv_pol	54887578	54890934
NC_027117.1_pol_8	gb|CM076423.1|	67844861	67847217	plus	95.121	99	GCA_038363225.1_derv_pol	67844361	67847717
NC_027117.1_pol_8	gb|CM076423.1|	70350489	70348133	minus	95.121	99	GCA_038363225.1_derv_pol	70347633	70350989
NC_027117.1_pol_8	gb|CM076423.1|	149689569	149687179	minus	93.085	99	GCA_038363225.1_derv_pol	149686679	149690069
NC_027117.1_pol_8	gb|CM076424.1|	2451527	2453941	plus	94.865	99	GCA_038363225.1_derv_pol	2451027	2454441
NC_027117.1_pol_8	gb|CM076425.1|	312354	314768	plus	94.493	99	GCA_038363225.1_derv_pol	311854	315268
NC_027117.1_pol_8	gb|CM076425.1|	5380905	5378549	minus	80.975	99	GCA_038363225.1_derv_pol	5378049	5381405
NC_027117.1_pol_8	gb|CM076425.1|	12444886	12447300	plus	95.321	99	GCA_038363225.1_derv_pol	12444386	12447800
NC_027117.1_pol_8	gb|CM076425.1|	74179258	74181672	plus	94.907	99	GCA_038363225.1_derv_pol	74178758	74182172
NC_001514.1_pol_6	gb|CM076425.1|	74179285	74181616	plus	75.308	97	GCA_038363225.1_smrv_pol	74178785	74182116
NC_027117.1_pol_8	gb|CM076426.1|	120817511	120815121	minus	93.126	99	GCA_038363225.1_derv_pol	120814621	120818011
NC_027117.1_pol_8	gb|CM076430.1|	2960037	2957681	minus	80.381	99	GCA_038363225.1_derv_pol	2957181	2960537
NC_027117.1_pol_8	gb|CM076430.1|	54485797	54488187	plus	93.251	99	GCA_038363225.1_derv_pol	54485297	54488687
NC_027117.1_pol_8	gb|CM077782.2|	23647	26037	plus	92.878	99	GCA_038363095.4_derv_pol	23147	26537
NC_027117.1_pol_8	gb|CM077782.2|	14797938	14800294	plus	94.612	99	GCA_038363095.4_derv_pol	14797438	14800794
NC_027117.1_pol_8	gb|CM115950.1|	158221610	158219209	minus	86.309	99	GCA_050655435.1_derv_pol	158218709	158222110
NC_027117.1_pol_8	gb|CM115951.1|	133513315	133510963	minus	78.84	97	GCA_050655435.1_derv_pol	133510463	133513815
NC_027117.1_pol_8	gb|CM115954.1|	1180810	1178409	minus	86.267	99	GCA_050655435.1_derv_pol	1177909	1181310
NC_027117.1_pol_8	gb|CM115954.1|	78333812	78332601	minus	83.512	99	GCA_050655435.1_derv_pol	78332101	78334312
NC_027117.1_pol_8	gb|CM115955.1|	3929824	3931107	plus	89.33	99	GCA_050655435.1_derv_pol	3929324	3931607
NC_027117.1_pol_8	gb|CM115955.1|	80942607	80940194	minus	86.915	99	GCA_050655435.1_derv_pol	80939694	80943107
NC_001514.1_pol_6	gb|CM115955.1|	80942580	80940249	minus	75.959	97	GCA_050655435.1_smrv_pol	80939749	80943080
NC_027117.1_pol_8	gb|CM115955.1|	97440494	97438093	minus	86.309	99	GCA_050655435.1_derv_pol	97437593	97440994
NC_027117.1_pol_8	gb|CM115955.1|	138931986	138929585	minus	86.267	99	GCA_050655435.1_derv_pol	138929085	138932486
NC_027117.1_pol_8	gb|CM115957.1|	64546945	64549346	plus	86.35	99	GCA_050655435.1_derv_pol	64546445	64549846
NC_027117.1_pol_8	gb|CM115959.1|	80430375	80432776	plus	86.309	99	GCA_050655435.1_derv_pol	80429875	80433276
NC_027117.1_pol_8	gb|CM115961.1|	32193368	32194582	plus	79.59	99	GCA_050655435.1_derv_pol	32192868	32195082
NC_027117.1_pol_8	gb|CM115961.1|	32196412	32197615	plus	79.356	99	GCA_050655435.1_derv_pol	32195912	32198115
NC_027117.1_pol_8	gb|CM115962.1|	37219004	37220803	plus	78.575	74	GCA_050655435.1_derv_pol	37218504	37221303
NC_027117.1_pol_8	gb|CM115962.1|	40010459	40012256	plus	78.304	74	GCA_050655435.1_derv_pol	40009959	40012756
NC_027117.1_pol_8	gb|CM115962.1|	44427767	44429564	plus	77.716	74	GCA_050655435.1_derv_pol	44427267	44430064
NC_027117.1_pol_8	gb|CM115962.1|	49615514	49617310	plus	78.249	74	GCA_050655435.1_derv_pol	49615014	49617810
NC_027117.1_pol_8	gb|CM115962.1|	50537204	50535416	minus	78.21	74	GCA_050655435.1_derv_pol	50534916	50537704
NC_027117.1_pol_8	gb|CM115962.1|	55700241	55702044	plus	78.82	74	GCA_050655435.1_derv_pol	55699741	55702544
NC_027117.1_pol_8	gb|CM115962.1|	59662733	59661427	minus	77.837	74	GCA_050655435.1_derv_pol	59660927	59663233
NC_027117.1_pol_8	gb|CM115967.1|	158561897	158559496	minus	86.309	99	GCA_050655445.1_derv_pol	158558996	158562397
NC_027117.1_pol_8	gb|CM115968.1|	133309012	133306660	minus	78.84	97	GCA_050655445.1_derv_pol	133306160	133309512
NC_027117.1_pol_8	gb|CM115970.1|	14783561	14785962	plus	86.309	99	GCA_050655445.1_derv_pol	14783061	14786462
NC_027117.1_pol_8	gb|CM115971.1|	78808714	78807503	minus	83.512	50	GCA_050655445.1_derv_pol	78807003	78809214
NC_027117.1_pol_8	gb|CM115972.1|	3936336	3937619	plus	89.33	99	GCA_050655445.1_derv_pol	3935836	3938119
NC_027117.1_pol_8	gb|CM115972.1|	46289947	46292348	plus	86.184	99	GCA_050655445.1_derv_pol	46289447	46292848
NC_027117.1_pol_8	gb|CM115972.1|	81108826	81106413	minus	86.915	99	GCA_050655445.1_derv_pol	81105913	81109326
NC_001514.1_pol_6	gb|CM115972.1|	81108799	81106468	minus	75.959	97	GCA_050655445.1_smrv_pol	81105968	81109299
NC_027117.1_pol_8	gb|CM115972.1|	138297416	138295015	minus	86.267	99	GCA_050655445.1_derv_pol	138294515	138297916
NC_027117.1_pol_8	gb|CM115974.1|	63976444	63978845	plus	86.35	99	GCA_050655445.1_derv_pol	63975944	63979345
NC_027117.1_pol_8	gb|CM115974.1|	103056906	103059307	plus	86.309	99	GCA_050655445.1_derv_pol	103056406	103059807
NC_027117.1_pol_8	gb|CM115977.1|	58572095	58574496	plus	86.309	99	GCA_050655445.1_derv_pol	58571595	58574996
NC_027117.1_pol_8	gb|CM115978.1|	32222658	32223872	plus	79.508	99	GCA_050655445.1_derv_pol	32222158	32224372
NC_027117.1_pol_8	gb|CM115978.1|	32225702	32226904	plus	79.356	99	GCA_050655445.1_derv_pol	32225202	32227404
NC_027117.1_pol_8	gb|CM115979.1|	35229531	35231330	plus	77.606	74	GCA_050655445.1_derv_pol	35229031	35231830
NC_027117.1_pol_8	gb|CM115979.1|	36463038	36461322	minus	78.874	74	GCA_050655445.1_derv_pol	36460822	36463538
NC_027117.1_pol_8	gb|CM115979.1|	38141620	38143417	plus	78.359	74	GCA_050655445.1_derv_pol	38141120	38143917
NC_027117.1_pol_8	gb|CM117820.1|	74109231	74106858	minus	82.044	98	GCA_051107505.1_derv_pol	74106358	74109731
NC_027117.1_pol_8	gb|CM117820.1|	107939007	107937127	minus	81.333	98	GCA_051107505.1_derv_pol	107936627	107939507
NC_027117.1_pol_8	gb|CM117820.1|	191251913	191249541	minus	81.849	98	GCA_051107505.1_derv_pol	191249041	191252413
NC_027117.1_pol_8	gb|CM117821.1|	83684765	83682392	minus	82.101	98	GCA_051107505.1_derv_pol	83681892	83685265
NC_027117.1_pol_8	gb|CM117822.1|	85044226	85041853	minus	82.212	98	GCA_051107505.1_derv_pol	85041353	85044726
NC_027117.1_pol_8	gb|CM117822.1|	103476596	103478352	plus	82.386	98	GCA_051107505.1_derv_pol	103476096	103478852
NC_027117.1_pol_8	gb|CM117822.1|	123424782	123423075	minus	82.428	98	GCA_051107505.1_derv_pol	123422575	123425282
NC_027117.1_pol_8	gb|CM117823.1|	77835470	77833083	minus	81.488	98	GCA_051107505.1_derv_pol	77832583	77835970
NC_027117.1_pol_8	gb|CM117823.1|	82777515	82779870	plus	81.626	98	GCA_051107505.1_derv_pol	82777015	82780370
NC_027117.1_pol_8	gb|CM117824.1|	58543097	58545470	plus	81.841	98	GCA_051107505.1_derv_pol	58542597	58545970
NC_027117.1_pol_8	gb|CM117824.1|	66794440	66796146	plus	83.197	98	GCA_051107505.1_derv_pol	66793940	66796646
NC_027117.1_pol_8	gb|CM117824.1|	92936855	92939228	plus	82.128	98	GCA_051107505.1_derv_pol	92936355	92939728
NC_027117.1_pol_8	gb|CM117824.1|	124689650	124687279	minus	81.96	98	GCA_051107505.1_derv_pol	124686779	124690150
NC_027117.1_pol_8	gb|CM117824.1|	135833849	135836216	plus	81.94	98	GCA_051107505.1_derv_pol	135833349	135836716
NC_027117.1_pol_8	gb|CM117824.1|	149959695	149962064	plus	80.176	98	GCA_051107505.1_derv_pol	149959195	149962564
NC_027117.1_pol_8	gb|CM117824.1|	156056835	156059206	plus	81.967	98	GCA_051107505.1_derv_pol	156056335	156059706
NC_027117.1_pol_8	gb|CM117824.1|	158821014	158818642	minus	81.379	98	GCA_051107505.1_derv_pol	158818142	158821514
NC_027117.1_pol_8	gb|CM117824.1|	160298625	160300995	plus	82.086	98	GCA_051107505.1_derv_pol	160298125	160301495
NC_027117.1_pol_8	gb|CM117824.1|	160646846	160645139	minus	82.954	98	GCA_051107505.1_derv_pol	160644639	160647346
NC_027117.1_pol_8	gb|CM117825.1|	37106664	37109036	plus	82.261	98	GCA_051107505.1_derv_pol	37106164	37109536
NC_027117.1_pol_8	gb|CM117825.1|	109343976	109346349	plus	82.086	98	GCA_051107505.1_derv_pol	109343476	109346849
NC_027117.1_pol_8	gb|CM117825.1|	127949605	127951978	plus	82.128	98	GCA_051107505.1_derv_pol	127949105	127952478
NC_027117.1_pol_8	gb|CM117826.1|	57259824	57257451	minus	82.296	98	GCA_051107505.1_derv_pol	57256951	57260324
NC_027117.1_pol_8	gb|CM117826.1|	77638363	77640736	plus	82.128	98	GCA_051107505.1_derv_pol	77637863	77641236
NC_027117.1_pol_8	gb|CM117826.1|	100777349	100778722	plus	80.973	98	GCA_051107505.1_derv_pol	100776849	100779222
NC_027117.1_pol_8	gb|CM117826.1|	101871942	101874316	plus	81.864	98	GCA_051107505.1_derv_pol	101871442	101874816
NC_027117.1_pol_8	gb|CM117826.1|	105157861	105155488	minus	81.791	98	GCA_051107505.1_derv_pol	105154988	105158361
NC_027117.1_pol_8	gb|CM117827.1|	47085761	47084418	minus	83.222	98	GCA_051107505.1_derv_pol	47083918	47086261
NC_027117.1_pol_8	gb|CM117827.1|	71136519	71138891	plus	82.212	98	GCA_051107505.1_derv_pol	71136019	71139391
NC_027117.1_pol_8	gb|CM117827.1|	96924099	96926472	plus	82.002	98	GCA_051107505.1_derv_pol	96923599	96926972
NC_027117.1_pol_8	gb|CM117827.1|	143479564	143481269	plus	82.817	98	GCA_051107505.1_derv_pol	143479064	143481769
NC_027117.1_pol_8	gb|CM117828.1|	60088666	60086293	minus	81.654	98	GCA_051107505.1_derv_pol	60085793	60089166
NC_027117.1_pol_8	gb|CM117828.1|	66440465	66438091	minus	81.757	98	GCA_051107505.1_derv_pol	66437591	66440965
NC_027117.1_pol_8	gb|CM117829.1|	78781565	78779189	minus	81.94	98	GCA_051107505.1_derv_pol	78778689	78782065
NC_027117.1_pol_8	gb|CM117830.1|	53764400	53762047	minus	81.372	98	GCA_051107505.1_derv_pol	53761547	53764900
NC_027117.1_pol_8	gb|CM117830.1|	62792856	62790488	minus	81.589	98	GCA_051107505.1_derv_pol	62789988	62793356
NC_027117.1_pol_8	gb|CM117831.1|	29484622	29482250	minus	82.036	98	GCA_051107505.1_derv_pol	29481750	29485122
NC_027117.1_pol_8	gb|CM117831.1|	30821740	30824113	plus	82.093	98	GCA_051107505.1_derv_pol	30821240	30824613
NC_027117.1_pol_8	gb|CM117831.1|	44319715	44317342	minus	82.254	98	GCA_051107505.1_derv_pol	44316842	44320215
NC_027117.1_pol_8	gb|CM117831.1|	70701697	70699324	minus	81.707	98	GCA_051107505.1_derv_pol	70698824	70702197
NC_027117.1_pol_8	gb|CM117832.1|	45372206	45374581	plus	80.781	98	GCA_051107505.1_derv_pol	45371706	45375081
NC_027117.1_pol_8	gb|CM117833.1|	27655653	27658021	plus	81.436	98	GCA_051107505.1_derv_pol	27655153	27658521
NC_027117.1_pol_8	gb|CM117834.1|	66434136	66436507	plus	81.891	98	GCA_051107505.1_derv_pol	66433636	66437007
NC_027117.1_pol_8	gb|CM117834.1|	69142959	69141269	minus	83.117	98	GCA_051107505.1_derv_pol	69140769	69143459
NC_027117.1_pol_8	gb|CM117834.1|	75224663	75222294	minus	81.841	98	GCA_051107505.1_derv_pol	75221794	75225163
NC_027117.1_pol_8	gb|CM117834.1|	111140425	111142798	plus	82.128	98	GCA_051107505.1_derv_pol	111139925	111143298
NC_027117.1_pol_8	gb|CM117834.1|	142982777	142980402	minus	81.704	98	GCA_051107505.1_derv_pol	142979902	142983277
NC_027117.1_pol_8	gb|CM117835.1|	2266087	2268462	plus	81.662	98	GCA_051107505.1_derv_pol	2265587	2268962
NC_027117.1_pol_8	gb|CM117837.1|	108401367	108399487	minus	81.237	98	GCA_051107545.1_derv_pol	108398987	108401867
NC_027117.1_pol_8	gb|CM117837.1|	190616010	190613638	minus	81.715	98	GCA_051107545.1_derv_pol	190613138	190616510
NC_027117.1_pol_8	gb|CM117838.1|	38251320	38248947	minus	82.296	98	GCA_051107545.1_derv_pol	38248447	38251820
NC_027117.1_pol_8	gb|CM117838.1|	84172464	84170091	minus	82.101	98	GCA_051107545.1_derv_pol	84169591	84172964
NC_027117.1_pol_8	gb|CM117838.1|	106345509	106343135	minus	82.143	98	GCA_051107545.1_derv_pol	106342635	106346009
NC_027117.1_pol_8	gb|CM117839.1|	57061484	57063179	plus	82.471	98	GCA_051107545.1_derv_pol	57060984	57063679
NC_027117.1_pol_8	gb|CM117839.1|	74385598	74383225	minus	81.864	98	GCA_051107545.1_derv_pol	74382725	74386098
NC_027117.1_pol_8	gb|CM117839.1|	102860579	102862335	plus	82.386	98	GCA_051107545.1_derv_pol	102860079	102862835
NC_027117.1_pol_8	gb|CM117839.1|	123187063	123185356	minus	82.428	98	GCA_051107545.1_derv_pol	123184856	123187563
NC_027117.1_pol_8	gb|CM117840.1|	78247667	78245294	minus	81.925	98	GCA_051107545.1_derv_pol	78244794	78248167
NC_027117.1_pol_8	gb|CM117840.1|	83195242	83197597	plus	81.626	98	GCA_051107545.1_derv_pol	83194742	83198097
NC_027117.1_pol_8	gb|CM117840.1|	119580508	119578135	minus	82.17	98	GCA_051107545.1_derv_pol	119577635	119581008
NC_027117.1_pol_8	gb|CM117841.1|	58014045	58016419	plus	81.78	98	GCA_051107545.1_derv_pol	58013545	58016919
NC_027117.1_pol_8	gb|CM117841.1|	66370238	66371939	plus	83.294	98	GCA_051107545.1_derv_pol	66369738	66372439
NC_027117.1_pol_8	gb|CM117841.1|	126729306	126726935	minus	81.96	98	GCA_051107545.1_derv_pol	126726435	126729806
NC_027117.1_pol_8	gb|CM117841.1|	137806814	137809183	plus	81.94	98	GCA_051107545.1_derv_pol	137806314	137809683
NC_027117.1_pol_8	gb|CM117841.1|	151952909	151955259	plus	80.405	98	GCA_051107545.1_derv_pol	151952409	151955759
NC_027117.1_pol_8	gb|CM117841.1|	158065840	158068211	plus	81.883	98	GCA_051107545.1_derv_pol	158065340	158068711
NC_027117.1_pol_8	gb|CM117841.1|	160836550	160834177	minus	81.436	98	GCA_051107545.1_derv_pol	160833677	160837050
NC_027117.1_pol_8	gb|CM117841.1|	162291032	162293402	plus	82.002	98	GCA_051107545.1_derv_pol	162290532	162293902
NC_027117.1_pol_8	gb|CM117841.1|	162638053	162636346	minus	82.896	98	GCA_051107545.1_derv_pol	162635846	162638553
NC_027117.1_pol_8	gb|CM117843.1|	100758156	100759526	plus	81.336	98	GCA_051107545.1_derv_pol	100757656	100760026
NC_027117.1_pol_8	gb|CM117843.1|	104185335	104182962	minus	82.254	98	GCA_051107545.1_derv_pol	104182462	104185835
NC_027117.1_pol_8	gb|CM117844.1|	31986736	31984363	minus	82.128	98	GCA_051107545.1_derv_pol	31983863	31987236
NC_027117.1_pol_8	gb|CM117844.1|	47067474	47066131	minus	83.37	98	GCA_051107545.1_derv_pol	47065631	47067974
NC_027117.1_pol_8	gb|CM117844.1|	71170912	71173284	plus	82.212	98	GCA_051107545.1_derv_pol	71170412	71173784
NC_027117.1_pol_8	gb|CM117844.1|	77922774	77920401	minus	81.94	98	GCA_051107545.1_derv_pol	77919901	77923274
NC_027117.1_pol_8	gb|CM117844.1|	143521617	143523322	plus	82.817	98	GCA_051107545.1_derv_pol	143521117	143523822
NC_027117.1_pol_8	gb|CM117845.1|	15528480	15530853	plus	82.044	98	GCA_051107545.1_derv_pol	15527980	15531353
NC_027117.1_pol_8	gb|CM117845.1|	60113414	60111041	minus	81.612	98	GCA_051107545.1_derv_pol	60110541	60113914
NC_027117.1_pol_8	gb|CM117845.1|	66523192	66520818	minus	81.757	98	GCA_051107545.1_derv_pol	66520318	66523692
NC_027117.1_pol_8	gb|CM117846.1|	78625664	78623288	minus	81.94	98	GCA_051107545.1_derv_pol	78622788	78626164
NC_027117.1_pol_8	gb|CM117847.1|	53765143	53762790	minus	81.372	98	GCA_051107545.1_derv_pol	53762290	53765643
NC_027117.1_pol_8	gb|CM117847.1|	62801387	62799019	minus	81.589	98	GCA_051107545.1_derv_pol	62798519	62801887
NC_027117.1_pol_8	gb|CM117848.1|	29511500	29509136	minus	82.236	98	GCA_051107545.1_derv_pol	29508636	29512000
NC_027117.1_pol_8	gb|CM117848.1|	71081356	71078982	minus	81.841	98	GCA_051107545.1_derv_pol	71078482	71081856
NC_027117.1_pol_8	gb|CM117849.1|	46614129	46616503	plus	81.318	98	GCA_051107545.1_derv_pol	46613629	46617003
NC_027117.1_pol_8	gb|CM117850.1|	27701829	27704197	plus	81.436	98	GCA_051107545.1_derv_pol	27701329	27704697
NC_001514.1_pol_6	gb|CM117852.1|	81671414	81673744	plus	77.288	97	GCA_051107565.1_smrv_pol	81670914	81674244
NC_001514.1_pol_6	gb|CM117852.1|	105843088	105840758	minus	77.597	97	GCA_051107565.1_smrv_pol	105840258	105843588
NC_001514.1_pol_6	gb|CM117854.1|	53655009	53652680	minus	77.417	97	GCA_051107565.1_smrv_pol	53652180	53655509
NC_001514.1_pol_6	gb|CM117855.1|	127302290	127299960	minus	77.084	97	GCA_051107565.1_smrv_pol	127299460	127302790
NC_001514.1_pol_6	gb|CM117855.1|	159319507	159317175	minus	77.114	97	GCA_051107565.1_smrv_pol	159316675	159320007
NC_001514.1_pol_6	gb|CM117856.1|	49483181	49485511	plus	77.417	97	GCA_051107565.1_smrv_pol	49482681	49486011
NC_001514.1_pol_6	gb|CM117858.1|	17054726	17052396	minus	77.383	97	GCA_051107565.1_smrv_pol	17051896	17055226
NC_001514.1_pol_6	gb|CM117860.1|	44184771	44182441	minus	77.417	97	GCA_051107565.1_smrv_pol	44181941	44185271
NC_001514.1_pol_6	gb|CM117860.1|	107626464	107624134	minus	77.203	97	GCA_051107565.1_smrv_pol	107623634	107626964
NC_001514.1_pol_6	gb|CM117868.1|	215386418	215388748	plus	77.417	97	GCA_051107595.1_smrv_pol	215385918	215389248
NC_001514.1_pol_6	gb|CM117869.1|	102258726	102261056	plus	77.203	97	GCA_051107595.1_smrv_pol	102258226	102261556
NC_001514.1_pol_6	gb|CM117869.1|	103935866	103933536	minus	77.555	97	GCA_051107595.1_smrv_pol	103933036	103936366
NC_001514.1_pol_6	gb|CM117870.1|	186764030	186761700	minus	77.117	97	GCA_051107595.1_smrv_pol	186761200	186764530
NC_001514.1_pol_6	gb|CM117871.1|	73815093	73812763	minus	77.117	97	GCA_051107595.1_smrv_pol	73812263	73815593
NC_001514.1_pol_6	gb|CM117872.1|	158047183	158044849	minus	77.156	97	GCA_051107595.1_smrv_pol	158044349	158047683
NC_001514.1_pol_6	gb|CM117875.1|	15386866	15384536	minus	77.383	97	GCA_051107595.1_smrv_pol	15384036	15387366
NC_027117.1_pol_8	gb|CM117877.1|	35902894	35905250	plus	80.288	97	GCA_051107595.1_derv_pol	35902394	35905750
NC_027117.1_pol_8	gb|CM119436.1|	250766042	250764632	minus	87.323	100	GCA_051307085.1_derv_pol	250764132	250766542
NC_027117.1_pol_8	gb|CM119436.1|	272165222	272162811	minus	89.073	100	GCA_051307085.1_derv_pol	272162311	272165722
NC_027117.1_pol_8	gb|CM119436.1|	300550021	300552398	plus	80.889	100	GCA_051307085.1_derv_pol	300549521	300552898
NC_027117.1_pol_8	gb|CM119436.1|	545501168	545503584	plus	89.261	100	GCA_051307085.1_derv_pol	545500668	545504084
NC_027117.1_pol_8	gb|CM119437.1|	3417765	3419175	plus	87.181	99	GCA_051307085.1_derv_pol	3417265	3419675
NC_027117.1_pol_8	gb|CM119437.1|	142864147	142861745	minus	88.995	99	GCA_051307085.1_derv_pol	142861245	142864647
NC_027117.1_pol_8	gb|CM119438.1|	5746116	5748540	plus	89.242	100	GCA_051307085.1_derv_pol	5745616	5749040
NC_027117.1_pol_8	gb|CM119438.1|	5799066	5801483	plus	88.871	100	GCA_051307085.1_derv_pol	5798566	5801983
NC_027117.1_pol_8	gb|CM119438.1|	137951270	137952680	plus	87.181	100	GCA_051307085.1_derv_pol	137950770	137953180
NC_027117.1_pol_8	gb|CM119438.1|	146119346	146116999	minus	83.794	100	GCA_051307085.1_derv_pol	146116499	146119846
NC_027117.1_pol_8	gb|CM119439.1|	84385012	84386850	plus	84.528	95	GCA_051307085.1_derv_pol	84384512	84387350
NC_027117.1_pol_8	gb|CM119439.1|	123297538	123296128	minus	87.323	95	GCA_051307085.1_derv_pol	123295628	123298038
NC_027117.1_pol_8	gb|CM119439.1|	125958731	125960980	plus	89.16	95	GCA_051307085.1_derv_pol	125958231	125961480
NC_027117.1_pol_8	gb|CM119440.1|	104886024	104883633	minus	88.369	99	GCA_051307085.1_derv_pol	104883133	104886524
NC_027117.1_pol_8	gb|CM119440.1|	135178454	135176040	minus	89.28	99	GCA_051307085.1_derv_pol	135175540	135178954
NC_027117.1_pol_8	gb|CM119441.1|	34453190	34455538	plus	83.517	97	GCA_051307085.1_derv_pol	34452690	34456038
NC_027117.1_pol_8	gb|CM119442.1|	41097895	41096486	minus	87.332	58	GCA_051307085.1_derv_pol	41095986	41098395
NC_027117.1_pol_8	gb|CM119443.1|	44802827	44805245	plus	89.008	100	GCA_051307085.1_derv_pol	44802327	44805745
NC_027117.1_pol_8	gb|CM119444.1|	22508913	22510779	plus	84.439	97	GCA_051307085.1_derv_pol	22508413	22511279
NC_027117.1_pol_8	gb|CM119444.1|	59936002	59933655	minus	83.915	97	GCA_051307085.1_derv_pol	59933155	59936502
NC_027117.1_pol_8	gb|CM119445.1|	56752390	56753817	plus	87.054	100	GCA_051307085.1_derv_pol	56751890	56754317
NC_027117.1_pol_8	gb|CM119445.1|	246105405	246102991	minus	89.321	100	GCA_051307085.1_derv_pol	246102491	246105905
NC_027117.1_pol_8	gb|CM119445.1|	266314289	266315716	plus	87.404	100	GCA_051307085.1_derv_pol	266313789	266316216
NC_027117.1_pol_8	gb|CM119445.1|	273518623	273520034	plus	87.049	100	GCA_051307085.1_derv_pol	273518123	273520534
NC_027117.1_pol_8	gb|CM119445.1|	279523274	279521864	minus	87.394	100	GCA_051307085.1_derv_pol	279521364	279523774
NC_027117.1_pol_8	gb|CM119445.1|	279559094	279557684	minus	87.394	100	GCA_051307085.1_derv_pol	279557184	279559594
NC_027117.1_pol_8	gb|CM119445.1|	284373655	284371282	minus	81.436	100	GCA_051307085.1_derv_pol	284370782	284374155
NC_027117.1_pol_8	gb|CM119445.1|	297105469	297107885	plus	89.004	100	GCA_051307085.1_derv_pol	297104969	297108385
NC_027117.1_pol_8	gb|CM119445.1|	300062737	300061327	minus	86.898	100	GCA_051307085.1_derv_pol	300060827	300063237
NC_027117.1_pol_8	gb|CM119447.1|	19560257	19557843	minus	92.18	99	GCA_051307075.1_derv_pol	19557343	19560757
NC_027117.1_pol_8	gb|CM119447.1|	68489197	68486783	minus	92.098	99	GCA_051307075.1_derv_pol	68486283	68489697
NC_027117.1_pol_8	gb|CM119448.1|	74007723	74005310	minus	92.18	99	GCA_051307075.1_derv_pol	74004810	74008223
NC_027117.1_pol_8	gb|CM119448.1|	114068217	114070642	plus	79.688	99	GCA_051307075.1_derv_pol	114067717	114071142
NC_001514.1_pol_6	gb|CM119448.1|	114068244	114070578	plus	75.329	97	GCA_051307075.1_smrv_pol	114067744	114071078
NC_027117.1_pol_8	gb|CM119448.1|	197736312	197733898	minus	92.094	99	GCA_051307075.1_derv_pol	197733398	197736812
NC_027117.1_pol_8	gb|CM119450.1|	137489575	137487161	minus	92.222	99	GCA_051307075.1_derv_pol	137486661	137490075
NC_027117.1_pol_8	gb|CM119451.1|	32570867	32568453	minus	92.015	100	GCA_051307075.1_derv_pol	32567953	32571367
NC_027117.1_pol_8	gb|CM119451.1|	81705446	81703032	minus	92.139	100	GCA_051307075.1_derv_pol	81702532	81705946
NC_027117.1_pol_8	gb|CM119451.1|	120137569	120139986	plus	91.901	100	GCA_051307075.1_derv_pol	120137069	120140486
NC_027117.1_pol_8	gb|CM119452.1|	74870516	74872933	plus	92.146	100	GCA_051307075.1_derv_pol	74870016	74873433
NC_027117.1_pol_8	gb|CM119453.1|	49577017	49579434	plus	92.228	100	GCA_051307075.1_derv_pol	49576517	49579934
NC_027117.1_pol_8	gb|CM119454.1|	47606374	47603960	minus	92.219	99	GCA_051307075.1_derv_pol	47603460	47606874
NC_027117.1_pol_8	gb|CM119455.1|	34998033	35000450	plus	92.063	100	GCA_051307075.1_derv_pol	34997533	35000950
NC_027117.1_pol_8	gb|CM119456.1|	34225036	34222622	minus	92.136	99	GCA_051307075.1_derv_pol	34222122	34225536
NC_027117.1_pol_8	gb|CM119456.1|	54126960	54124546	minus	92.384	99	GCA_051307075.1_derv_pol	54124046	54127460
NC_027117.1_pol_8	gb|CM119457.1|	35707767	35710186	plus	80.51	99	GCA_051307075.1_derv_pol	35707267	35710686
NC_027117.1_pol_8	gb|CM119458.1|	37915877	37918284	plus	80.148	99	GCA_051307075.1_derv_pol	37915377	37918784
NC_027117.1_pol_8	gb|CM119462.1|	86836434	86838850	plus	95.451	100	GCA_051307075.1_derv_pol	86835934	86839350
NC_027117.1_pol_8	gb|CM119465.1|	18500637	18498223	minus	92.139	99	GCA_051307065.1_derv_pol	18497723	18501137
NC_027117.1_pol_8	gb|CM119465.1|	67514366	67511952	minus	92.098	99	GCA_051307065.1_derv_pol	67511452	67514866
NC_027117.1_pol_8	gb|CM119465.1|	186189813	186187399	minus	92.219	99	GCA_051307065.1_derv_pol	186186899	186190313
NC_027117.1_pol_8	gb|CM119466.1|	74030329	74027916	minus	92.094	99	GCA_051307065.1_derv_pol	74027416	74030829
NC_027117.1_pol_8	gb|CM119466.1|	113786726	113789149	plus	79.754	99	GCA_051307065.1_derv_pol	113786226	113789649
NC_001514.1_pol_6	gb|CM119466.1|	113786753	113789085	plus	75.351	97	GCA_051307065.1_smrv_pol	113786253	113789585
NC_027117.1_pol_8	gb|CM119466.1|	132420439	132418025	minus	91.808	99	GCA_051307065.1_derv_pol	132417525	132420939
NC_027117.1_pol_8	gb|CM119466.1|	195961131	195958717	minus	92.136	99	GCA_051307065.1_derv_pol	195958217	195961631
NC_027117.1_pol_8	gb|CM119468.1|	135011663	135009249	minus	92.222	99	GCA_051307065.1_derv_pol	135008749	135012163
NC_027117.1_pol_8	gb|CM119469.1|	30995529	30993115	minus	92.015	99	GCA_051307065.1_derv_pol	30992615	30996029
NC_027117.1_pol_8	gb|CM119469.1|	79969672	79967258	minus	92.139	99	GCA_051307065.1_derv_pol	79966758	79970172
NC_027117.1_pol_8	gb|CM119471.1|	49567872	49570289	plus	92.228	100	GCA_051307065.1_derv_pol	49567372	49570789
NC_027117.1_pol_8	gb|CM119471.1|	49574786	49577203	plus	92.228	100	GCA_051307065.1_derv_pol	49574286	49577703
NC_027117.1_pol_8	gb|CM119472.1|	47586383	47583969	minus	92.343	99	GCA_051307065.1_derv_pol	47583469	47586883
NC_027117.1_pol_8	gb|CM119473.1|	34786057	34788474	plus	92.104	100	GCA_051307065.1_derv_pol	34785557	34788974
NC_027117.1_pol_8	gb|CM119474.1|	34260507	34258093	minus	92.136	99	GCA_051307065.1_derv_pol	34257593	34261007
NC_027117.1_pol_8	gb|CM119474.1|	55031024	55028610	minus	92.384	99	GCA_051307065.1_derv_pol	55028110	55031524
NC_027117.1_pol_8	gb|CM119475.1|	35112825	35115244	plus	80.469	99	GCA_051307065.1_derv_pol	35112325	35115744
NC_027117.1_pol_8	gb|CM119476.1|	33535807	33538214	plus	80.148	99	GCA_051307065.1_derv_pol	33535307	33538714
NC_027117.1_pol_8	gb|CM119477.1|	46678298	46680715	plus	91.983	100	GCA_051307065.1_derv_pol	46677798	46681215
NC_027117.1_pol_8	gb|CM119481.1|	263247268	263244921	minus	83.411	99	GCA_051307135.1_derv_pol	263244421	263247768
NC_027117.1_pol_8	gb|CM119481.1|	273290940	273288529	minus	89.16	99	GCA_051307135.1_derv_pol	273288029	273291440
NC_027117.1_pol_8	gb|CM119481.1|	301277766	301280144	plus	80.938	99	GCA_051307135.1_derv_pol	301277266	301280644
NC_027117.1_pol_8	gb|CM119481.1|	368703902	368701555	minus	83.454	99	GCA_051307135.1_derv_pol	368701055	368704402
NC_027117.1_pol_8	gb|CM119482.1|	142897838	142895434	minus	89.077	99	GCA_051307135.1_derv_pol	142894934	142898338
NC_027117.1_pol_8	gb|CM119482.1|	279813042	279815417	plus	81.066	99	GCA_051307135.1_derv_pol	279812542	279815917
NC_027117.1_pol_8	gb|CM119483.1|	5718284	5720709	plus	88.958	100	GCA_051307135.1_derv_pol	5717784	5721209
NC_027117.1_pol_8	gb|CM119483.1|	5771245	5773659	plus	89.219	100	GCA_051307135.1_derv_pol	5770745	5774159
NC_027117.1_pol_8	gb|CM119483.1|	33782855	33780508	minus	83.624	100	GCA_051307135.1_derv_pol	33780008	33783355
NC_001514.1_pol_6	gb|CM119483.1|	33782819	33780516	minus	74.409	96	GCA_051307135.1_smrv_pol	33780016	33783319
NC_027117.1_pol_8	gb|CM119483.1|	70629039	70631389	plus	83.772	100	GCA_051307135.1_derv_pol	70628539	70631889
NC_027117.1_pol_8	gb|CM119483.1|	173862704	173864114	plus	87.11	100	GCA_051307135.1_derv_pol	173862204	173864614
NC_027117.1_pol_8	gb|CM119484.1|	38325240	38327590	plus	83.759	100	GCA_051307135.1_derv_pol	38324740	38328090
NC_027117.1_pol_8	gb|CM119484.1|	128785576	128787825	plus	89.16	100	GCA_051307135.1_derv_pol	128785076	128788325
NC_027117.1_pol_8	gb|CM119484.1|	163024039	163026389	plus	83.305	100	GCA_051307135.1_derv_pol	163023539	163026889
NC_027117.1_pol_8	gb|CM119484.1|	167129579	167127165	minus	88.949	100	GCA_051307135.1_derv_pol	167126665	167130079
NC_027117.1_pol_8	gb|CM119485.1|	128942517	128940103	minus	89.363	99	GCA_051307135.1_derv_pol	128939603	128943017
NC_027117.1_pol_8	gb|CM119488.1|	42161061	42163483	plus	88.536	100	GCA_051307135.1_derv_pol	42160561	42163983
NC_027117.1_pol_8	gb|CM119490.1|	97222776	97220429	minus	83.581	100	GCA_051307135.1_derv_pol	97219929	97223276
NC_027117.1_pol_8	gb|CM119490.1|	245538731	245536317	minus	89.363	100	GCA_051307135.1_derv_pol	245535817	245539231
NC_027117.1_pol_8	gb|CM119490.1|	266019179	266020606	plus	87.474	100	GCA_051307135.1_derv_pol	266018679	266021106
NC_027117.1_pol_8	gb|CM119490.1|	273140112	273141523	plus	87.049	100	GCA_051307135.1_derv_pol	273139612	273142023
NC_027117.1_pol_8	gb|CM119490.1|	278902543	278901133	minus	87.394	100	GCA_051307135.1_derv_pol	278900633	278903043
NC_027117.1_pol_8	gb|CM119490.1|	282482846	282480473	minus	81.436	100	GCA_051307135.1_derv_pol	282479973	282483346
NC_027117.1_pol_8	gb|CM119490.1|	295225833	295228249	plus	89.004	100	GCA_051307135.1_derv_pol	295225333	295228749
NC_027117.1_pol_8	gb|CM119490.1|	298220584	298219174	minus	87.04	100	GCA_051307135.1_derv_pol	298218674	298221084
NC_027117.1_pol_8	gb|CM141826.1|	26541280	26543633	plus	82.345	98	GCA_054855685.1_derv_pol	26540780	26544133
NC_001514.1_pol_6	gb|CM141826.1|	26541307	26543610	plus	75.614	97	GCA_054855685.1_smrv_pol	26540807	26544110
NC_027117.1_pol_8	gb|CM141826.1|	45278841	45281201	plus	82.398	98	GCA_054855685.1_derv_pol	45278341	45281701
NC_001514.1_pol_6	gb|CM141826.1|	45278868	45281171	plus	75.506	97	GCA_054855685.1_smrv_pol	45278368	45281671
NC_027117.1_pol_8	gb|CM141826.1|	67455169	67456995	plus	81.526	98	GCA_054855685.1_derv_pol	67454669	67457495
NC_001514.1_pol_6	gb|CM141826.1|	67455169	67456965	plus	75.221	97	GCA_054855685.1_smrv_pol	67454669	67457465
NC_027117.1_pol_8	gb|CM141826.1|	71663504	71661144	minus	82.735	98	GCA_054855685.1_derv_pol	71660644	71664004
NC_001514.1_pol_6	gb|CM141826.1|	71663477	71661147	minus	75.702	97	GCA_054855685.1_smrv_pol	71660647	71663977
NC_027117.1_pol_8	gb|CM141826.1|	72037222	72034862	minus	82.566	98	GCA_054855685.1_derv_pol	72034362	72037722
NC_001514.1_pol_6	gb|CM141826.1|	72037195	72034865	minus	75.617	97	GCA_054855685.1_smrv_pol	72034365	72037695
NC_027117.1_pol_8	gb|CM141826.1|	87938183	87940543	plus	82.566	98	GCA_054855685.1_derv_pol	87937683	87941043
NC_001514.1_pol_6	gb|CM141826.1|	87938210	87940513	plus	75.635	97	GCA_054855685.1_smrv_pol	87937710	87941013
NC_027117.1_pol_8	gb|CM141826.1|	108007381	108009740	plus	82.313	98	GCA_054855685.1_derv_pol	108006881	108010240
NC_001514.1_pol_6	gb|CM141826.1|	108007408	108009710	plus	75.635	97	GCA_054855685.1_smrv_pol	108006908	108010210
NC_027117.1_pol_8	gb|CM141826.1|	123011298	123013658	plus	82.229	98	GCA_054855685.1_derv_pol	123010798	123014158
NC_001514.1_pol_6	gb|CM141826.1|	123011325	123013628	plus	75.42	97	GCA_054855685.1_smrv_pol	123010825	123014128
NC_027117.1_pol_8	gb|CM141827.1|	47365616	47363259	minus	81.334	98	GCA_054855685.1_derv_pol	47362759	47366116
NC_027117.1_pol_8	gb|CM141827.1|	55377856	55375496	minus	82.566	98	GCA_054855685.1_derv_pol	55374996	55378356
NC_001514.1_pol_6	gb|CM141827.1|	55377829	55375499	minus	75.532	97	GCA_054855685.1_smrv_pol	55374999	55378329
NC_027117.1_pol_8	gb|CM141827.1|	108484347	108486707	plus	82.566	98	GCA_054855685.1_derv_pol	108483847	108487207
NC_001514.1_pol_6	gb|CM141827.1|	108484374	108486677	plus	75.678	97	GCA_054855685.1_smrv_pol	108483874	108487177
NC_027117.1_pol_8	gb|CM141827.1|	148204859	148207219	plus	82.693	98	GCA_054855685.1_derv_pol	148204359	148207719
NC_001514.1_pol_6	gb|CM141827.1|	148204886	148207189	plus	75.721	97	GCA_054855685.1_smrv_pol	148204386	148207689
NC_027117.1_pol_8	gb|CM141827.1|	149920829	149918469	minus	82.566	98	GCA_054855685.1_derv_pol	149917969	149921329
NC_001514.1_pol_6	gb|CM141827.1|	149920802	149918472	minus	75.532	97	GCA_054855685.1_smrv_pol	149917972	149921302
NC_027117.1_pol_8	gb|CM141827.1|	184173569	184175929	plus	82.566	98	GCA_054855685.1_derv_pol	184173069	184176429
NC_001514.1_pol_6	gb|CM141827.1|	184173596	184175899	plus	75.678	97	GCA_054855685.1_smrv_pol	184173096	184176399
NC_027117.1_pol_8	gb|CM141828.1|	27987564	27989924	plus	82.581	98	GCA_054855685.1_derv_pol	27987064	27990424
NC_001514.1_pol_6	gb|CM141828.1|	27987591	27989894	plus	75.635	97	GCA_054855685.1_smrv_pol	27987091	27990394
NC_027117.1_pol_8	gb|CM141828.1|	39827454	39825082	minus	82.066	98	GCA_054855685.1_derv_pol	39824582	39827954
NC_001514.1_pol_6	gb|CM141828.1|	39827427	39825112	minus	75.332	97	GCA_054855685.1_smrv_pol	39824612	39827927
NC_027117.1_pol_8	gb|CM141828.1|	119954995	119952635	minus	82.609	98	GCA_054855685.1_derv_pol	119952135	119955495
NC_001514.1_pol_6	gb|CM141828.1|	119954968	119952638	minus	75.617	97	GCA_054855685.1_smrv_pol	119952138	119955468
NC_027117.1_pol_8	gb|CM141828.1|	121837468	121835108	minus	82.313	98	GCA_054855685.1_derv_pol	121834608	121837968
NC_001514.1_pol_6	gb|CM141828.1|	121837441	121835111	minus	75.277	97	GCA_054855685.1_smrv_pol	121834611	121837941
NC_027117.1_pol_8	gb|CM141828.1|	133867709	133865343	minus	82.316	98	GCA_054855685.1_derv_pol	133864843	133868209
NC_001514.1_pol_6	gb|CM141828.1|	133867682	133865352	minus	75.447	97	GCA_054855685.1_smrv_pol	133864852	133868182
NC_027117.1_pol_8	gb|CM141829.1|	7661180	7663540	plus	82.482	98	GCA_054855685.1_derv_pol	7660680	7664040
NC_001514.1_pol_6	gb|CM141829.1|	7661207	7663510	plus	75.592	97	GCA_054855685.1_smrv_pol	7660707	7664010
NC_027117.1_pol_8	gb|CM141829.1|	79268898	79271258	plus	82.125	98	GCA_054855685.1_derv_pol	79268398	79271758
NC_001514.1_pol_6	gb|CM141829.1|	79268925	79271228	plus	75.344	97	GCA_054855685.1_smrv_pol	79268425	79271728
NC_027117.1_pol_8	gb|CM141829.1|	106926144	106923784	minus	82.693	98	GCA_054855685.1_derv_pol	106923284	106926644
NC_001514.1_pol_6	gb|CM141829.1|	106926117	106923787	minus	75.447	97	GCA_054855685.1_smrv_pol	106923287	106926617
NC_027117.1_pol_8	gb|CM141829.1|	136640682	136638318	minus	81.435	98	GCA_054855685.1_derv_pol	136637818	136641182
NC_027117.1_pol_8	gb|CM141829.1|	159887784	159890144	plus	82.566	98	GCA_054855685.1_derv_pol	159887284	159890644
NC_001514.1_pol_6	gb|CM141829.1|	159887811	159890114	plus	75.549	97	GCA_054855685.1_smrv_pol	159887311	159890614
NC_027117.1_pol_8	gb|CM141830.1|	19868775	19871135	plus	82.524	98	GCA_054855685.1_derv_pol	19868275	19871635
NC_001514.1_pol_6	gb|CM141830.1|	19868802	19871105	plus	75.635	97	GCA_054855685.1_smrv_pol	19868302	19871605
NC_027117.1_pol_8	gb|CM141830.1|	59580010	59577650	minus	82.482	98	GCA_054855685.1_derv_pol	59577150	59580510
NC_001514.1_pol_6	gb|CM141830.1|	59579983	59577653	minus	75.681	97	GCA_054855685.1_smrv_pol	59577153	59580483
NC_027117.1_pol_8	gb|CM141830.1|	59751413	59749036	minus	82.013	98	GCA_054855685.1_derv_pol	59748536	59751913
NC_001514.1_pol_6	gb|CM141830.1|	59751386	59749073	minus	75.429	97	GCA_054855685.1_smrv_pol	59748573	59751886
NC_027117.1_pol_8	gb|CM141830.1|	91347623	91345263	minus	82.482	98	GCA_054855685.1_derv_pol	91344763	91348123
NC_001514.1_pol_6	gb|CM141830.1|	91347596	91345266	minus	75.617	97	GCA_054855685.1_smrv_pol	91344766	91348096
NC_027117.1_pol_8	gb|CM141830.1|	102072789	102075148	plus	82.44	98	GCA_054855685.1_derv_pol	102072289	102075648
NC_001514.1_pol_6	gb|CM141830.1|	102072816	102075118	plus	75.463	97	GCA_054855685.1_smrv_pol	102072316	102075618
NC_027117.1_pol_8	gb|CM141830.1|	161487166	161484805	minus	80.912	98	GCA_054855685.1_derv_pol	161484305	161487666
NC_027117.1_pol_8	gb|CM141831.1|	15705073	15702713	minus	82.693	98	GCA_054855685.1_derv_pol	15702213	15705573
NC_001514.1_pol_6	gb|CM141831.1|	15705046	15702716	minus	75.532	97	GCA_054855685.1_smrv_pol	15702216	15705546
NC_027117.1_pol_8	gb|CM141832.1|	90228980	90231340	plus	82.524	98	GCA_054855685.1_derv_pol	90228480	90231840
NC_001514.1_pol_6	gb|CM141832.1|	90229007	90231310	plus	75.592	96	GCA_054855685.1_smrv_pol	90228507	90231810
NC_027117.1_pol_8	gb|CM141832.1|	90295766	90298126	plus	82.44	98	GCA_054855685.1_derv_pol	90295266	90298626
NC_001514.1_pol_6	gb|CM141832.1|	90295793	90298096	plus	75.678	96	GCA_054855685.1_smrv_pol	90295293	90298596
NC_027117.1_pol_8	gb|CM141833.1|	82006657	82004297	minus	82.566	98	GCA_054855685.1_derv_pol	82003797	82007157
NC_001514.1_pol_6	gb|CM141833.1|	82006630	82004300	minus	75.574	97	GCA_054855685.1_smrv_pol	82003800	82007130
NC_027117.1_pol_8	gb|CM141835.1|	48379425	48381785	plus	82.44	98	GCA_054855685.1_derv_pol	48378925	48382285
NC_001514.1_pol_6	gb|CM141835.1|	48379452	48381755	plus	75.592	96	GCA_054855685.1_smrv_pol	48378952	48382255
NC_027117.1_pol_8	gb|CM141837.1|	31212151	31214510	plus	82.44	98	GCA_054855685.1_derv_pol	31211651	31215010
NC_001514.1_pol_6	gb|CM141837.1|	31212178	31214480	plus	75.506	96	GCA_054855685.1_smrv_pol	31211678	31214980
NC_027117.1_pol_8	gb|CM141838.1|	54630071	54627711	minus	82.187	98	GCA_054855685.1_derv_pol	54627211	54630571
NC_001514.1_pol_6	gb|CM141838.1|	54630044	54627714	minus	75.256	97	GCA_054855685.1_smrv_pol	54627214	54630544
NC_027117.1_pol_8	gb|CM141838.1|	54813811	54811451	minus	82.524	98	GCA_054855685.1_derv_pol	54810951	54814311
NC_001514.1_pol_6	gb|CM141838.1|	54813784	54811454	minus	75.447	97	GCA_054855685.1_smrv_pol	54810954	54814284
NC_027117.1_pol_8	gb|CM141838.1|	55002173	55004533	plus	82.355	98	GCA_054855685.1_derv_pol	55001673	55005033
NC_001514.1_pol_6	gb|CM141838.1|	55002200	55004503	plus	75.452	97	GCA_054855685.1_smrv_pol	55001700	55005003
NC_027117.1_pol_8	gb|CM141841.1|	26948004	26950364	plus	82.566	98	GCA_054855685.1_derv_pol	26947504	26950864
NC_001514.1_pol_6	gb|CM141841.1|	26948031	26950334	plus	75.506	97	GCA_054855685.1_smrv_pol	26947531	26950834
NC_027117.1_pol_8	gb|CM141841.1|	35792231	35789871	minus	82.313	98	GCA_054855685.1_derv_pol	35789371	35792731
NC_001514.1_pol_6	gb|CM141841.1|	35792204	35789874	minus	75.553	97	GCA_054855685.1_smrv_pol	35789374	35792704
NC_027117.1_pol_8	gb|CM141841.1|	43895877	43898237	plus	82.236	98	GCA_054855685.1_derv_pol	43895377	43898737
NC_001514.1_pol_6	gb|CM141841.1|	43895904	43898207	plus	75.355	97	GCA_054855685.1_smrv_pol	43895404	43898707
NC_027117.1_pol_8	gb|CM141841.1|	75955284	75952924	minus	82.398	98	GCA_054855685.1_derv_pol	75952424	75955784
NC_001514.1_pol_6	gb|CM141841.1|	75955257	75952927	minus	75.319	97	GCA_054855685.1_smrv_pol	75952427	75955757
NC_027117.1_pol_8	gb|CM141841.1|	77810713	77808353	minus	82.44	98	GCA_054855685.1_derv_pol	77807853	77811213
NC_001514.1_pol_6	gb|CM141841.1|	77810686	77808356	minus	75.404	97	GCA_054855685.1_smrv_pol	77807856	77811186
NC_027117.1_pol_8	gb|CM141841.1|	149053979	149051619	minus	82.455	98	GCA_054855685.1_derv_pol	149051119	149054479
NC_001514.1_pol_6	gb|CM141841.1|	149053952	149051622	minus	75.447	97	GCA_054855685.1_smrv_pol	149051122	149054452
NC_027117.1_pol_8	gb|CM141843.1|	71779408	71777048	minus	82.609	98	GCA_054855695.1_derv_pol	71776548	71779908
NC_001514.1_pol_6	gb|CM141843.1|	71779381	71777051	minus	75.574	97	GCA_054855695.1_smrv_pol	71776551	71779881
NC_027117.1_pol_8	gb|CM141843.1|	80025109	80022749	minus	82.693	98	GCA_054855695.1_derv_pol	80022249	80025609
NC_001514.1_pol_6	gb|CM141843.1|	80025082	80022752	minus	75.447	97	GCA_054855695.1_smrv_pol	80022252	80025582
NC_027117.1_pol_8	gb|CM141843.1|	108125629	108127988	plus	82.355	98	GCA_054855695.1_derv_pol	108125129	108128488
NC_001514.1_pol_6	gb|CM141843.1|	108125656	108127958	plus	75.645	97	GCA_054855695.1_smrv_pol	108125156	108128458
NC_027117.1_pol_8	gb|CM141843.1|	123157684	123160044	plus	82.229	98	GCA_054855695.1_derv_pol	123157184	123160544
NC_001514.1_pol_6	gb|CM141843.1|	123157711	123160014	plus	75.42	97	GCA_054855695.1_smrv_pol	123157211	123160514
NC_027117.1_pol_8	gb|CM141843.1|	141888398	141890758	plus	82.524	98	GCA_054855695.1_derv_pol	141887898	141891258
NC_001514.1_pol_6	gb|CM141843.1|	141888425	141890728	plus	75.678	97	GCA_054855695.1_smrv_pol	141887925	141891228
NC_027117.1_pol_8	gb|CM141843.1|	144007866	144005506	minus	82.651	98	GCA_054855695.1_derv_pol	144005006	144008366
NC_001514.1_pol_6	gb|CM141843.1|	144007839	144005509	minus	75.489	97	GCA_054855695.1_smrv_pol	144005009	144008339
NC_027117.1_pol_8	gb|CM141844.1|	9832416	9834776	plus	82.482	98	GCA_054855695.1_derv_pol	9831916	9835276
NC_001514.1_pol_6	gb|CM141844.1|	9832443	9834746	plus	75.549	97	GCA_054855695.1_smrv_pol	9831943	9835246
NC_027117.1_pol_8	gb|CM141844.1|	47293742	47291385	minus	81.334	98	GCA_054855695.1_derv_pol	47290885	47294242
NC_027117.1_pol_8	gb|CM141844.1|	175442597	175440237	minus	82.159	98	GCA_054855695.1_derv_pol	175439737	175443097
NC_001514.1_pol_6	gb|CM141844.1|	175442570	175440240	minus	75.106	97	GCA_054855695.1_smrv_pol	175439740	175443070
NC_027117.1_pol_8	gb|CM141845.1|	92987	90627	minus	82.44	98	GCA_054855695.1_derv_pol	90127	93487
NC_001514.1_pol_6	gb|CM141845.1|	92960	90630	minus	75.532	97	GCA_054855695.1_smrv_pol	90130	93460
NC_027117.1_pol_8	gb|CM141845.1|	27976157	27978517	plus	82.566	98	GCA_054855695.1_derv_pol	27975657	27979017
NC_001514.1_pol_6	gb|CM141845.1|	27976184	27978487	plus	75.678	97	GCA_054855695.1_smrv_pol	27975684	27978987
NC_027117.1_pol_8	gb|CM141845.1|	39816320	39813948	minus	82.15	98	GCA_054855695.1_derv_pol	39813448	39816820
NC_001514.1_pol_6	gb|CM141845.1|	39816293	39813951	minus	75.106	97	GCA_054855695.1_smrv_pol	39813451	39816793
NC_027117.1_pol_8	gb|CM141846.1|	80052168	80054528	plus	82.125	98	GCA_054855695.1_derv_pol	80051668	80055028
NC_001514.1_pol_6	gb|CM141846.1|	80052195	80054498	plus	75.344	97	GCA_054855695.1_smrv_pol	80051695	80054998
NC_027117.1_pol_8	gb|CM141846.1|	88503732	88501372	minus	82.693	98	GCA_054855695.1_derv_pol	88500872	88504232
NC_001514.1_pol_6	gb|CM141846.1|	88503705	88501375	minus	75.489	97	GCA_054855695.1_smrv_pol	88500875	88504205
NC_027117.1_pol_8	gb|CM141846.1|	137710415	137708050	minus	81.435	98	GCA_054855695.1_derv_pol	137707550	137710915
NC_027117.1_pol_8	gb|CM141847.1|	85464233	85461873	minus	82.651	98	GCA_054855695.1_derv_pol	85461373	85464733
NC_001514.1_pol_6	gb|CM141847.1|	85464206	85461876	minus	75.489	97	GCA_054855695.1_smrv_pol	85461376	85464706
NC_027117.1_pol_8	gb|CM141847.1|	160680581	160678220	minus	80.87	98	GCA_054855695.1_derv_pol	160677720	160681081
NC_027117.1_pol_8	gb|CM141848.1|	14369320	14366960	minus	82.609	98	GCA_054855695.1_derv_pol	14366460	14369820
NC_001514.1_pol_6	gb|CM141848.1|	14369293	14366963	minus	75.617	97	GCA_054855695.1_smrv_pol	14366463	14369793
NC_027117.1_pol_8	gb|CM141848.1|	75631474	75633834	plus	82.194	98	GCA_054855695.1_derv_pol	75630974	75634334
NC_001514.1_pol_6	gb|CM141848.1|	75631501	75633804	plus	75.645	97	GCA_054855695.1_smrv_pol	75631001	75634304
NC_027117.1_pol_8	gb|CM141848.1|	117730866	117728506	minus	82.609	98	GCA_054855695.1_derv_pol	117728006	117731366
NC_001514.1_pol_6	gb|CM141848.1|	117730839	117728509	minus	75.574	97	GCA_054855695.1_smrv_pol	117728009	117731339
NC_027117.1_pol_8	gb|CM141848.1|	117737555	117735195	minus	82.609	98	GCA_054855695.1_derv_pol	117734695	117738055
NC_001514.1_pol_6	gb|CM141848.1|	117737528	117735198	minus	75.574	97	GCA_054855695.1_smrv_pol	117734698	117738028
NC_027117.1_pol_8	gb|CM141848.1|	118282257	118279897	minus	82.355	98	GCA_054855695.1_derv_pol	118279397	118282757
NC_027117.1_pol_8	gb|CM141849.1|	89486498	89488858	plus	82.482	98	GCA_054855695.1_derv_pol	89485998	89489358
NC_001514.1_pol_6	gb|CM141849.1|	89486525	89488828	plus	75.549	97	GCA_054855695.1_smrv_pol	89486025	89489328
NC_027117.1_pol_8	gb|CM141849.1|	89553299	89555659	plus	82.44	98	GCA_054855695.1_derv_pol	89552799	89556159
NC_001514.1_pol_6	gb|CM141849.1|	89553326	89555629	plus	75.678	97	GCA_054855695.1_smrv_pol	89552826	89556129
NC_027117.1_pol_8	gb|CM141849.1|	90279281	90276921	minus	82.524	98	GCA_054855695.1_derv_pol	90276421	90279781
NC_001514.1_pol_6	gb|CM141849.1|	90279254	90276924	minus	75.447	97	GCA_054855695.1_smrv_pol	90276424	90279754
NC_027117.1_pol_8	gb|CM141850.1|	32067520	32069880	plus	82.693	98	GCA_054855695.1_derv_pol	32067020	32070380
NC_001514.1_pol_6	gb|CM141850.1|	32067547	32069850	plus	75.635	97	GCA_054855695.1_smrv_pol	32067047	32070350
NC_027117.1_pol_8	gb|CM141850.1|	77813467	77811107	minus	82.651	98	GCA_054855695.1_derv_pol	77810607	77813967
NC_001514.1_pol_6	gb|CM141850.1|	77813440	77811110	minus	75.532	97	GCA_054855695.1_smrv_pol	77810610	77813940
NC_027117.1_pol_8	gb|CM141851.1|	45272135	45269775	minus	82.524	98	GCA_054855695.1_derv_pol	45269275	45272635
NC_001514.1_pol_6	gb|CM141851.1|	45272108	45269778	minus	75.447	97	GCA_054855695.1_smrv_pol	45269278	45272608
NC_027117.1_pol_8	gb|CM141851.1|	65176548	65174188	minus	82.609	98	GCA_054855695.1_derv_pol	65173688	65177048
NC_001514.1_pol_6	gb|CM141851.1|	65176521	65174191	minus	75.66	97	GCA_054855695.1_smrv_pol	65173691	65177021
NC_027117.1_pol_8	gb|CM141852.1|	48030691	48033051	plus	82.524	98	GCA_054855695.1_derv_pol	48030191	48033551
NC_001514.1_pol_6	gb|CM141852.1|	48030718	48033021	plus	75.678	96	GCA_054855695.1_smrv_pol	48030218	48033521
NC_027117.1_pol_8	gb|CM141853.1|	76314870	76317229	plus	82.566	98	GCA_054855695.1_derv_pol	76314370	76317729
NC_001514.1_pol_6	gb|CM141853.1|	76314897	76317199	plus	75.721	96	GCA_054855695.1_smrv_pol	76314397	76317699
NC_027117.1_pol_8	gb|CM141855.1|	2449259	2446899	minus	82.651	98	GCA_054855695.1_derv_pol	2446399	2449759
NC_001514.1_pol_6	gb|CM141855.1|	2449232	2446902	minus	75.532	97	GCA_054855695.1_smrv_pol	2446402	2449732
NC_027117.1_pol_8	gb|CM141855.1|	52572394	52570034	minus	82.229	98	GCA_054855695.1_derv_pol	52569534	52572894
NC_001514.1_pol_6	gb|CM141855.1|	52572367	52570037	minus	75.298	97	GCA_054855695.1_smrv_pol	52569537	52572867
NC_027117.1_pol_8	gb|CM141855.1|	52745987	52743627	minus	82.482	98	GCA_054855695.1_derv_pol	52743127	52746487
NC_001514.1_pol_6	gb|CM141855.1|	52745960	52743630	minus	75.436	97	GCA_054855695.1_smrv_pol	52743130	52746460
NC_027117.1_pol_8	gb|CM141855.1|	52762711	52760351	minus	82.44	98	GCA_054855695.1_derv_pol	52759851	52763211
NC_001514.1_pol_6	gb|CM141855.1|	52762684	52760354	minus	75.394	97	GCA_054855695.1_smrv_pol	52759854	52763184
NC_027117.1_pol_8	gb|CM141855.1|	52779436	52777076	minus	82.44	98	GCA_054855695.1_derv_pol	52776576	52779936
NC_001514.1_pol_6	gb|CM141855.1|	52779409	52777079	minus	75.394	97	GCA_054855695.1_smrv_pol	52776579	52779909
NC_027117.1_pol_8	gb|CM141855.1|	52796161	52793801	minus	82.566	98	GCA_054855695.1_derv_pol	52793301	52796661
NC_001514.1_pol_6	gb|CM141855.1|	52796134	52793804	minus	75.489	97	GCA_054855695.1_smrv_pol	52793304	52796634
NC_027117.1_pol_8	gb|CM141855.1|	52880836	52883195	plus	82.44	98	GCA_054855695.1_derv_pol	52880336	52883695
NC_001514.1_pol_6	gb|CM141855.1|	52880863	52883165	plus	75.635	97	GCA_054855695.1_smrv_pol	52880363	52883665
NC_027117.1_pol_8	gb|CM180040.1|	91323441	91321079	minus	79.579	98	GCA_058972435.1_derv_pol	91320579	91323941
NC_027117.1_pol_8	gb|CM180040.1|	133177198	133179555	plus	79.402	98	GCA_058972435.1_derv_pol	133176698	133180055
NC_027117.1_pol_8	gb|CM180041.1|	107030610	107032968	plus	79.418	98	GCA_058972435.1_derv_pol	107030110	107033468
NC_001514.1_pol_6	gb|CM180041.1|	107030637	107032970	plus	74.968	97	GCA_058972435.1_smrv_pol	107030137	107033470
NC_027117.1_pol_8	gb|CM180041.1|	107402383	107400026	minus	91.734	98	GCA_058972435.1_derv_pol	107399526	107402883
NC_027117.1_pol_8	gb|CM180041.1|	113633248	113630886	minus	79.739	98	GCA_058972435.1_derv_pol	113630386	113633748
NC_027117.1_pol_8	gb|CM180042.1|	87582176	87579814	minus	79.495	98	GCA_058972435.1_derv_pol	87579314	87582676
NC_001514.1_pol_6	gb|CM180042.1|	87582140	87579816	minus	74.468	97	GCA_058972435.1_smrv_pol	87579316	87582640
NC_027117.1_pol_8	gb|CM180042.1|	93955351	93957709	plus	91.267	98	GCA_058972435.1_derv_pol	93954851	93958209
NC_027117.1_pol_8	gb|CM180042.1|	98399272	98396909	minus	79.537	98	GCA_058972435.1_derv_pol	98396409	98399772
NC_001514.1_pol_6	gb|CM180042.1|	98399236	98396911	minus	74.798	97	GCA_058972435.1_smrv_pol	98396411	98399736
NC_027117.1_pol_8	gb|CM180042.1|	146308993	146311345	plus	79.172	98	GCA_058972435.1_derv_pol	146308493	146311845
NC_027117.1_pol_8	gb|CM180043.1|	12213371	12211008	minus	79.453	98	GCA_058972435.1_derv_pol	12210508	12213871
NC_027117.1_pol_8	gb|CM180043.1|	49214230	49216586	plus	79.087	98	GCA_058972435.1_derv_pol	49213730	49217086
NC_027117.1_pol_8	gb|CM180043.1|	49222155	49224502	plus	78.852	98	GCA_058972435.1_derv_pol	49221655	49225002
NC_027117.1_pol_8	gb|CM180043.1|	49230062	49232418	plus	79.401	98	GCA_058972435.1_derv_pol	49229562	49232918
NC_027117.1_pol_8	gb|CM180043.1|	76748067	76745705	minus	79.579	98	GCA_058972435.1_derv_pol	76745205	76748567
NC_001514.1_pol_6	gb|CM180043.1|	76748031	76745707	minus	74.968	97	GCA_058972435.1_smrv_pol	76745207	76748531
NC_027117.1_pol_8	gb|CM180043.1|	83355902	83353540	minus	79.57	98	GCA_058972435.1_derv_pol	83353040	83356402
NC_027117.1_pol_8	gb|CM180044.1|	5080060	5082420	plus	91.152	98	GCA_058972435.1_derv_pol	5079560	5082920
NC_027117.1_pol_8	gb|CM180044.1|	15831658	15834010	plus	79.434	98	GCA_058972435.1_derv_pol	15831158	15834510
NC_027117.1_pol_8	gb|CM180044.1|	18298295	18295946	minus	79.288	98	GCA_058972435.1_derv_pol	18295446	18298795
NC_027117.1_pol_8	gb|CM180044.1|	38607621	38609983	plus	79.284	98	GCA_058972435.1_derv_pol	38607121	38610483
NC_001514.1_pol_6	gb|CM180044.1|	38607648	38609981	plus	74.417	97	GCA_058972435.1_smrv_pol	38607148	38610481
NC_027117.1_pol_8	gb|CM180044.1|	39027750	39025389	minus	79.251	98	GCA_058972435.1_derv_pol	39024889	39028250
NC_001514.1_pol_6	gb|CM180044.1|	39027714	39025391	minus	74.809	97	GCA_058972435.1_smrv_pol	39024891	39028214
NC_027117.1_pol_8	gb|CM180044.1|	140701514	140703875	plus	79.428	98	GCA_058972435.1_derv_pol	140701014	140704375
NC_001514.1_pol_6	gb|CM180045.1|	2864978	2867284	plus	74.892	97	GCA_058972435.1_smrv_pol	2864478	2867784
NC_027117.1_pol_8	gb|CM180045.1|	12141112	12143474	plus	79.781	98	GCA_058972435.1_derv_pol	12140612	12143974
NC_001514.1_pol_6	gb|CM180045.1|	12141139	12143472	plus	74.852	97	GCA_058972435.1_smrv_pol	12140639	12143972
NC_027117.1_pol_8	gb|CM180045.1|	34382134	34379772	minus	79.705	98	GCA_058972435.1_derv_pol	34379272	34382634
NC_027117.1_pol_8	gb|CM180045.1|	139453078	139455440	plus	79.368	98	GCA_058972435.1_derv_pol	139452578	139455940
NC_001514.1_pol_6	gb|CM180045.1|	139453105	139455438	plus	74.597	97	GCA_058972435.1_smrv_pol	139452605	139455938
NC_001514.1_pol_6	gb|CM180046.1|	49777945	49780257	plus	74.104	97	GCA_058972435.1_smrv_pol	49777445	49780757
NC_027117.1_pol_8	gb|CM180046.1|	85230112	85232458	plus	79.284	98	GCA_058972435.1_derv_pol	85229612	85232958
NC_001514.1_pol_6	gb|CM180046.1|	85230139	85232455	plus	74.501	97	GCA_058972435.1_smrv_pol	85229639	85232955
NC_027117.1_pol_8	gb|CM180046.1|	89994272	89996634	plus	79.402	98	GCA_058972435.1_derv_pol	89993772	89997134
NC_001514.1_pol_6	gb|CM180046.1|	89994298	89996632	plus	74.682	97	GCA_058972435.1_smrv_pol	89993798	89997132
NC_027117.1_pol_8	gb|CM180046.1|	101976052	101973690	minus	79.621	98	GCA_058972435.1_derv_pol	101973190	101976552
NC_027117.1_pol_8	gb|CM180046.1|	102643958	102641596	minus	79.621	98	GCA_058972435.1_derv_pol	102641096	102644458
NC_027117.1_pol_8	gb|CM180046.1|	103798174	103795812	minus	79.537	98	GCA_058972435.1_derv_pol	103795312	103798674
NC_027117.1_pol_8	gb|CM180047.1|	91018435	91019922	plus	80.885	98	GCA_058972435.1_derv_pol	91017935	91020422
NC_027117.1_pol_8	gb|CM180047.1|	101118600	101116240	minus	79.444	98	GCA_058972435.1_derv_pol	101115740	101119100
NC_001514.1_pol_6	gb|CM180047.1|	101118564	101116242	minus	74.255	97	GCA_058972435.1_smrv_pol	101115742	101119064
NC_027117.1_pol_8	gb|CM180047.1|	101236817	101234732	minus	78.857	98	GCA_058972435.1_derv_pol	101234232	101237317
NC_027117.1_pol_8	gb|CM180047.1|	101402593	101400508	minus	78.867	98	GCA_058972435.1_derv_pol	101400008	101403093
NC_027117.1_pol_8	gb|CM180047.1|	101511210	101509125	minus	78.81	98	GCA_058972435.1_derv_pol	101508625	101511710
NC_027117.1_pol_8	gb|CM180047.1|	101583896	101581811	minus	78.962	98	GCA_058972435.1_derv_pol	101581311	101584396
NC_027117.1_pol_8	gb|CM180047.1|	101693528	101691443	minus	78.915	98	GCA_058972435.1_derv_pol	101690943	101694028
NC_027117.1_pol_8	gb|CM180047.1|	101787205	101785120	minus	78.857	98	GCA_058972435.1_derv_pol	101784620	101787705
NC_027117.1_pol_8	gb|CM180047.1|	101914383	101912298	minus	78.81	98	GCA_058972435.1_derv_pol	101911798	101914883
NC_027117.1_pol_8	gb|CM180047.1|	102014909	102012824	minus	78.81	98	GCA_058972435.1_derv_pol	102012324	102015409
NC_027117.1_pol_8	gb|CM180047.1|	102085282	102083197	minus	78.905	98	GCA_058972435.1_derv_pol	102082697	102085782
NC_027117.1_pol_8	gb|CM180047.1|	102159876	102157791	minus	78.915	98	GCA_058972435.1_derv_pol	102157291	102160376
NC_027117.1_pol_8	gb|CM180047.1|	102222426	102220341	minus	78.857	98	GCA_058972435.1_derv_pol	102219841	102222926
NC_027117.1_pol_8	gb|CM180047.1|	102377735	102375650	minus	78.857	98	GCA_058972435.1_derv_pol	102375150	102378235
NC_027117.1_pol_8	gb|CM180047.1|	102456591	102454506	minus	78.857	98	GCA_058972435.1_derv_pol	102454006	102457091
NC_027117.1_pol_8	gb|CM180047.1|	102579401	102577316	minus	78.857	98	GCA_058972435.1_derv_pol	102576816	102579901
NC_027117.1_pol_8	gb|CM180047.1|	102674042	102671957	minus	78.81	98	GCA_058972435.1_derv_pol	102671457	102674542
NC_027117.1_pol_8	gb|CM180047.1|	102842014	102839929	minus	78.962	98	GCA_058972435.1_derv_pol	102839429	102842514
NC_027117.1_pol_8	gb|CM180047.1|	103177521	103175436	minus	78.905	98	GCA_058972435.1_derv_pol	103174936	103178021
NC_027117.1_pol_8	gb|CM180047.1|	103263344	103261259	minus	78.905	98	GCA_058972435.1_derv_pol	103260759	103263844
NC_027117.1_pol_8	gb|CM180047.1|	103417314	103415229	minus	78.952	98	GCA_058972435.1_derv_pol	103414729	103417814
NC_027117.1_pol_8	gb|CM180047.1|	103607377	103605292	minus	78.905	98	GCA_058972435.1_derv_pol	103604792	103607877
NC_027117.1_pol_8	gb|CM180047.1|	103758344	103756259	minus	78.915	98	GCA_058972435.1_derv_pol	103755759	103758844
NC_027117.1_pol_8	gb|CM180047.1|	103818120	103815760	minus	79.672	98	GCA_058972435.1_derv_pol	103815260	103818620
NC_001514.1_pol_6	gb|CM180047.1|	103818084	103815762	minus	74.436	97	GCA_058972435.1_smrv_pol	103815262	103818584
NC_027117.1_pol_8	gb|CM180047.1|	105742105	105739743	minus	79.402	98	GCA_058972435.1_derv_pol	105739243	105742605
NC_001514.1_pol_6	gb|CM180047.1|	105742069	105739745	minus	74.457	97	GCA_058972435.1_smrv_pol	105739245	105742569
NC_027117.1_pol_8	gb|CM180047.1|	107685565	107687926	plus	79.067	98	GCA_058972435.1_derv_pol	107685065	107688426
NC_001514.1_pol_6	gb|CM180047.1|	107685592	107687924	plus	74.28	97	GCA_058972435.1_smrv_pol	107685092	107688424
NC_027117.1_pol_8	gb|CM180047.1|	119747044	119744683	minus	79.235	98	GCA_058972435.1_derv_pol	119744183	119747544
NC_001514.1_pol_6	gb|CM180047.1|	119747008	119744685	minus	74.447	97	GCA_058972435.1_smrv_pol	119744185	119747508
NC_027117.1_pol_8	gb|CM180047.1|	124105533	124103171	minus	79.225	98	GCA_058972435.1_derv_pol	124102671	124106033
NC_001514.1_pol_6	gb|CM180047.1|	124105497	124103173	minus	74.67	97	GCA_058972435.1_smrv_pol	124102673	124105997
NC_027117.1_pol_8	gb|CM180047.1|	130531070	130528708	minus	79.621	98	GCA_058972435.1_derv_pol	130528208	130531570
NC_001514.1_pol_6	gb|CM180047.1|	130531034	130528710	minus	74.734	97	GCA_058972435.1_smrv_pol	130528210	130531534
NC_001514.1_pol_6	gb|CM180047.1|	130539788	130537476	minus	74.389	97	GCA_058972435.1_smrv_pol	130536976	130540288
NC_001514.1_pol_6	gb|CM180047.1|	130546752	130544423	minus	73.85	97	GCA_058972435.1_smrv_pol	130543923	130547252
NC_027117.1_pol_8	gb|CM180047.1|	130989141	130991503	plus	79.486	98	GCA_058972435.1_derv_pol	130988641	130992003
NC_001514.1_pol_6	gb|CM180047.1|	130989168	130991501	plus	74.905	97	GCA_058972435.1_smrv_pol	130988668	130992001
NC_027117.1_pol_8	gb|CM180047.1|	131735828	131733466	minus	79.528	98	GCA_058972435.1_derv_pol	131732966	131736328
NC_001514.1_pol_6	gb|CM180047.1|	131735792	131733468	minus	74.979	97	GCA_058972435.1_smrv_pol	131732968	131736292
NC_027117.1_pol_8	gb|CM180048.1|	76554308	76551951	minus	78.879	98	GCA_058972435.1_derv_pol	76551451	76554808
NC_027117.1_pol_8	gb|CM180048.1|	82885090	82887452	plus	79.663	98	GCA_058972435.1_derv_pol	82884590	82887952
NC_001514.1_pol_6	gb|CM180048.1|	82885117	82887450	plus	74.735	97	GCA_058972435.1_smrv_pol	82884617	82887950
NC_027117.1_pol_8	gb|CM180048.1|	84455231	84452877	minus	79.519	98	GCA_058972435.1_derv_pol	84452377	84455731
NC_001514.1_pol_6	gb|CM180048.1|	84455204	84452879	minus	74.755	97	GCA_058972435.1_smrv_pol	84452379	84455704
NC_027117.1_pol_8	gb|CM180048.1|	113961135	113958772	minus	79.789	98	GCA_058972435.1_derv_pol	113958272	113961635
NC_001514.1_pol_6	gb|CM180048.1|	113961099	113958774	minus	74.883	97	GCA_058972435.1_smrv_pol	113958274	113961599
NC_027117.1_pol_8	gb|CM180048.1|	127111969	127114331	plus	79.63	98	GCA_058972435.1_derv_pol	127111469	127114831
NC_001514.1_pol_6	gb|CM180048.1|	127111996	127114329	plus	74.724	97	GCA_058972435.1_smrv_pol	127111496	127114829
NC_027117.1_pol_8	gb|CM180048.1|	129790545	129788183	minus	79.621	98	GCA_058972435.1_derv_pol	129787683	129791045
NC_001514.1_pol_6	gb|CM180048.1|	129790509	129788185	minus	74.957	97	GCA_058972435.1_smrv_pol	129787685	129791009
NC_027117.1_pol_8	gb|CM180048.1|	131959255	131961618	plus	79.47	98	GCA_058972435.1_derv_pol	131958755	131962118
NC_001514.1_pol_6	gb|CM180048.1|	131959282	131961616	plus	74.608	97	GCA_058972435.1_smrv_pol	131958782	131962116
NC_027117.1_pol_8	gb|CM180049.1|	56783522	56781160	minus	79.663	98	GCA_058972435.1_derv_pol	56780660	56784022
NC_027117.1_pol_8	gb|CM180049.1|	78501713	78499350	minus	79.437	98	GCA_058972435.1_derv_pol	78498850	78502213
NC_001514.1_pol_6	gb|CM180049.1|	78501677	78499353	minus	74.543	97	GCA_058972435.1_smrv_pol	78498853	78502177
NC_027117.1_pol_8	gb|CM180049.1|	101184113	101186476	plus	79.302	98	GCA_058972435.1_derv_pol	101183613	101186976
NC_001514.1_pol_6	gb|CM180049.1|	101184140	101186473	plus	74.492	97	GCA_058972435.1_smrv_pol	101183640	101186973
NC_027117.1_pol_8	gb|CM180049.1|	101309235	101311598	plus	79.302	98	GCA_058972435.1_derv_pol	101308735	101312098
NC_001514.1_pol_6	gb|CM180049.1|	101309262	101311595	plus	74.492	97	GCA_058972435.1_smrv_pol	101308762	101312095
NC_027117.1_pol_8	gb|CM180049.1|	101424169	101426532	plus	79.26	98	GCA_058972435.1_derv_pol	101423669	101427032
NC_001514.1_pol_6	gb|CM180049.1|	101424196	101426529	plus	74.45	97	GCA_058972435.1_smrv_pol	101423696	101427029
NC_027117.1_pol_8	gb|CM180049.1|	101583116	101585479	plus	79.218	98	GCA_058972435.1_derv_pol	101582616	101585979
NC_001514.1_pol_6	gb|CM180049.1|	101583143	101585476	plus	74.408	97	GCA_058972435.1_smrv_pol	101582643	101585976
NC_027117.1_pol_8	gb|CM180049.1|	101718629	101720992	plus	79.26	98	GCA_058972435.1_derv_pol	101718129	101721492
NC_001514.1_pol_6	gb|CM180049.1|	101718656	101720989	plus	74.45	97	GCA_058972435.1_smrv_pol	101718156	101721489
NC_027117.1_pol_8	gb|CM180049.1|	101862560	101864923	plus	79.26	98	GCA_058972435.1_derv_pol	101862060	101865423
NC_001514.1_pol_6	gb|CM180049.1|	101862587	101864920	plus	74.45	97	GCA_058972435.1_smrv_pol	101862087	101865420
NC_027117.1_pol_8	gb|CM180049.1|	101977341	101979704	plus	79.26	98	GCA_058972435.1_derv_pol	101976841	101980204
NC_001514.1_pol_6	gb|CM180049.1|	101977368	101979701	plus	74.45	97	GCA_058972435.1_smrv_pol	101976868	101980201
NC_027117.1_pol_8	gb|CM180049.1|	102096234	102098597	plus	79.26	98	GCA_058972435.1_derv_pol	102095734	102099097
NC_001514.1_pol_6	gb|CM180049.1|	102096261	102098594	plus	74.45	97	GCA_058972435.1_smrv_pol	102095761	102099094
NC_027117.1_pol_8	gb|CM180049.1|	102372460	102374823	plus	79.437	98	GCA_058972435.1_derv_pol	102371960	102375323
NC_001514.1_pol_6	gb|CM180049.1|	102372487	102374820	plus	74.555	97	GCA_058972435.1_smrv_pol	102371987	102375320
NC_027117.1_pol_8	gb|CM180049.1|	102619772	102622135	plus	79.352	98	GCA_058972435.1_derv_pol	102619272	102622635
NC_001514.1_pol_6	gb|CM180049.1|	102619799	102622132	plus	74.471	97	GCA_058972435.1_smrv_pol	102619299	102622632
NC_027117.1_pol_8	gb|CM180049.1|	102843088	102845451	plus	79.31	98	GCA_058972435.1_derv_pol	102842588	102845951
NC_001514.1_pol_6	gb|CM180049.1|	102843115	102845448	plus	74.386	97	GCA_058972435.1_smrv_pol	102842615	102845948
NC_027117.1_pol_8	gb|CM180049.1|	103012301	103014664	plus	79.31	98	GCA_058972435.1_derv_pol	103011801	103015164
NC_001514.1_pol_6	gb|CM180049.1|	103012328	103014661	plus	74.386	97	GCA_058972435.1_smrv_pol	103011828	103015161
NC_027117.1_pol_8	gb|CM180049.1|	103152700	103155063	plus	79.394	98	GCA_058972435.1_derv_pol	103152200	103155563
NC_001514.1_pol_6	gb|CM180049.1|	103152727	103155060	plus	74.471	97	GCA_058972435.1_smrv_pol	103152227	103155560
NC_027117.1_pol_8	gb|CM180049.1|	103280509	103282872	plus	79.352	98	GCA_058972435.1_derv_pol	103280009	103283372
NC_001514.1_pol_6	gb|CM180049.1|	103280536	103282869	plus	74.386	97	GCA_058972435.1_smrv_pol	103280036	103283369
NC_027117.1_pol_8	gb|CM180049.1|	103417822	103420185	plus	79.31	98	GCA_058972435.1_derv_pol	103417322	103420685
NC_001514.1_pol_6	gb|CM180049.1|	103417849	103420182	plus	74.344	97	GCA_058972435.1_smrv_pol	103417349	103420682
NC_027117.1_pol_8	gb|CM180049.1|	103872486	103874851	plus	79.563	98	GCA_058972435.1_derv_pol	103871986	103875351
NC_001514.1_pol_6	gb|CM180049.1|	103872513	103874848	plus	74.852	97	GCA_058972435.1_smrv_pol	103872013	103875348
NC_027117.1_pol_8	gb|CM180050.1|	15797195	15795943	minus	89.172	98	GCA_058972435.1_derv_pol	15795443	15797695
NC_027117.1_pol_8	gb|CM180050.1|	23464244	23461886	minus	79.326	98	GCA_058972435.1_derv_pol	23461386	23464744
NC_001514.1_pol_6	gb|CM180050.1|	23464208	23461888	minus	74.383	97	GCA_058972435.1_smrv_pol	23461388	23464708
NC_027117.1_pol_8	gb|CM180050.1|	30231466	30233824	plus	91.098	98	GCA_058972435.1_derv_pol	30230966	30234324
NC_027117.1_pol_8	gb|CM180050.1|	38305174	38307532	plus	91.352	98	GCA_058972435.1_derv_pol	38304674	38308032
NC_027117.1_pol_8	gb|CM180050.1|	84902970	84904225	plus	90.207	98	GCA_058972435.1_derv_pol	84902470	84904725
NC_027117.1_pol_8	gb|CM180050.1|	86880384	86878024	minus	90.64	98	GCA_058972435.1_derv_pol	86877524	86880884
NC_027117.1_pol_8	gb|CM180050.1|	110607067	110609438	plus	90.346	98	GCA_058972435.1_derv_pol	110606567	110609938
NC_027117.1_pol_8	gb|CM180051.1|	38047859	38050222	plus	79.377	98	GCA_058972435.1_derv_pol	38047359	38050722
NC_001514.1_pol_6	gb|CM180051.1|	38047886	38050220	plus	74.418	97	GCA_058972435.1_smrv_pol	38047386	38050720
NC_027117.1_pol_8	gb|CM180051.1|	51595528	51597066	plus	79.587	98	GCA_058972435.1_derv_pol	51595028	51597566
NC_027117.1_pol_8	gb|CM180051.1|	53069897	53071963	plus	77.906	98	GCA_058972435.1_derv_pol	53069397	53072463
NC_027117.1_pol_8	gb|CM180052.1|	35723676	35726038	plus	79.167	98	GCA_058972435.1_derv_pol	35723176	35726538
NC_001514.1_pol_6	gb|CM180052.1|	35723703	35726036	plus	74.714	97	GCA_058972435.1_smrv_pol	35723203	35726536
NC_027117.1_pol_8	gb|CM180052.1|	44051912	44049541	minus	90.978	98	GCA_058972435.1_derv_pol	44049041	44052412
NC_027117.1_pol_8	gb|CM180053.1|	30942472	30944829	plus	91.607	98	GCA_058972435.1_derv_pol	30941972	30945329
NC_027117.1_pol_8	gb|CM180053.1|	36207377	36209735	plus	91.352	98	GCA_058972435.1_derv_pol	36206877	36210235
NC_027117.1_pol_8	gb|CM180053.1|	40820277	40818975	minus	81.672	98	GCA_058972435.1_derv_pol	40818475	40820777
NC_027117.1_pol_8	gb|CM180053.1|	57109772	57111027	plus	89.968	98	GCA_058972435.1_derv_pol	57109272	57111527
NC_027117.1_pol_8	gb|CM180053.1|	57373104	57375329	plus	91.24	98	GCA_058972435.1_derv_pol	57372604	57375829
NC_027117.1_pol_8	gb|CM180053.1|	66252307	66253562	plus	90.127	98	GCA_058972435.1_derv_pol	66251807	66254062
NC_027117.1_pol_8	gb|CM180053.1|	73565710	73563352	minus	90.25	98	GCA_058972435.1_derv_pol	73562852	73566210
NC_027117.1_pol_8	gb|CM180053.1|	89638788	89641141	plus	90.952	98	GCA_058972435.1_derv_pol	89638288	89641641
NC_027117.1_pol_8	gb|CM180053.1|	106988636	106989891	plus	89.889	98	GCA_058972435.1_derv_pol	106988136	106990391
NC_027117.1_pol_8	gb|CM180053.1|	110387123	110384770	minus	90.824	98	GCA_058972435.1_derv_pol	110384270	110387623
NC_027117.1_pol_8	gb|CM180053.1|	133883728	133881366	minus	79.781	98	GCA_058972435.1_derv_pol	133880866	133884228
NC_027117.1_pol_8	gb|CM180053.1|	135179578	135177216	minus	79.655	98	GCA_058972435.1_derv_pol	135176716	135180078
NC_027117.1_pol_8	gb|CM180054.1|	115196129	115198491	plus	79.621	98	GCA_058972505.1_derv_pol	115195629	115198991
NC_027117.1_pol_8	gb|CM180054.1|	132356256	132358617	plus	79.377	98	GCA_058972505.1_derv_pol	132355756	132359117
NC_027117.1_pol_8	gb|CM180055.1|	106113592	106111230	minus	79.528	98	GCA_058972505.1_derv_pol	106110730	106114092
NC_001514.1_pol_6	gb|CM180055.1|	106113556	106111232	minus	74.872	97	GCA_058972505.1_smrv_pol	106110732	106114056
NC_027117.1_pol_8	gb|CM180055.1|	107962036	107964395	plus	79.477	98	GCA_058972505.1_derv_pol	107961536	107964895
NC_001514.1_pol_6	gb|CM180055.1|	107962063	107964397	plus	74.905	97	GCA_058972505.1_smrv_pol	107961563	107964897
NC_027117.1_pol_8	gb|CM180055.1|	115979800	115977438	minus	79.655	98	GCA_058972505.1_derv_pol	115976938	115980300
NC_027117.1_pol_8	gb|CM180056.1|	60455271	60457352	plus	90.25	98	GCA_058972505.1_derv_pol	60454771	60457852
NC_027117.1_pol_8	gb|CM180056.1|	88511623	88509261	minus	79.537	98	GCA_058972505.1_derv_pol	88508761	88512123
NC_001514.1_pol_6	gb|CM180056.1|	88511587	88509263	minus	74.511	97	GCA_058972505.1_smrv_pol	88508763	88512087
NC_027117.1_pol_8	gb|CM180056.1|	93861697	93864055	plus	91.225	98	GCA_058972505.1_derv_pol	93861197	93864555
NC_027117.1_pol_8	gb|CM180056.1|	98304384	98303021	minus	81.832	98	GCA_058972505.1_derv_pol	98302521	98304884
NC_027117.1_pol_8	gb|CM180056.1|	146297129	146299460	plus	79.043	98	GCA_058972505.1_derv_pol	146296629	146299960
NC_027117.1_pol_8	gb|CM180057.1|	12171000	12168637	minus	79.411	98	GCA_058972505.1_derv_pol	12168137	12171500
NC_027117.1_pol_8	gb|CM180057.1|	50285796	50288143	plus	78.918	98	GCA_058972505.1_derv_pol	50285296	50288643
NC_027117.1_pol_8	gb|CM180057.1|	50293714	50296070	plus	79.232	98	GCA_058972505.1_derv_pol	50293214	50296570
NC_027117.1_pol_8	gb|CM180057.1|	50301646	50303993	plus	78.819	98	GCA_058972505.1_derv_pol	50301146	50304493
NC_027117.1_pol_8	gb|CM180057.1|	50309549	50311905	plus	79.358	98	GCA_058972505.1_derv_pol	50309049	50312405
NC_027117.1_pol_8	gb|CM180057.1|	76769571	76767209	minus	79.672	98	GCA_058972505.1_derv_pol	76766709	76770071
NC_001514.1_pol_6	gb|CM180057.1|	76769535	76767211	minus	74.968	97	GCA_058972505.1_smrv_pol	76766711	76770035
NC_027117.1_pol_8	gb|CM180058.1|	4991329	4993689	plus	91.025	98	GCA_058972505.1_derv_pol	4990829	4994189
NC_027117.1_pol_8	gb|CM180058.1|	8399484	8397122	minus	79.747	98	GCA_058972505.1_derv_pol	8396622	8399984
NC_001514.1_pol_6	gb|CM180058.1|	8399448	8397124	minus	75.011	97	GCA_058972505.1_smrv_pol	8396624	8399948
NC_027117.1_pol_8	gb|CM180058.1|	14921728	14924082	plus	79.451	98	GCA_058972505.1_derv_pol	14921228	14924582
NC_027117.1_pol_8	gb|CM180058.1|	17390980	17388631	minus	79.077	98	GCA_058972505.1_derv_pol	17388131	17391480
NC_027117.1_pol_8	gb|CM180058.1|	37795062	37797424	plus	79.233	98	GCA_058972505.1_derv_pol	37794562	37797924
NC_001514.1_pol_6	gb|CM180058.1|	37795098	37797422	plus	74.755	97	GCA_058972505.1_smrv_pol	37794598	37797922
NC_027117.1_pol_8	gb|CM180058.1|	38213377	38211824	minus	75.974	98	GCA_058972505.1_derv_pol	38211324	38213877
NC_001514.1_pol_6	gb|CM180058.1|	38213341	38211854	minus	73.475	97	GCA_058972505.1_smrv_pol	38211354	38213841
NC_027117.1_pol_8	gb|CM180058.1|	138128666	138131035	plus	79.371	98	GCA_058972505.1_derv_pol	138128166	138131535
NC_001514.1_pol_6	gb|CM180059.1|	2942012	2944318	plus	74.849	97	GCA_058972505.1_smrv_pol	2941512	2944818
NC_027117.1_pol_8	gb|CM180059.1|	12457076	12459438	plus	79.739	98	GCA_058972505.1_derv_pol	12456576	12459938
NC_001514.1_pol_6	gb|CM180059.1|	12457103	12459436	plus	74.947	97	GCA_058972505.1_smrv_pol	12456603	12459936
NC_027117.1_pol_8	gb|CM180059.1|	44217098	44214736	minus	79.655	98	GCA_058972505.1_derv_pol	44214236	44217598
NC_001514.1_pol_6	gb|CM180059.1|	44217062	44214738	minus	75.17	97	GCA_058972505.1_smrv_pol	44214238	44217562
NC_027117.1_pol_8	gb|CM180059.1|	141420621	141422983	plus	79.284	98	GCA_058972505.1_derv_pol	141420121	141423483
NC_001514.1_pol_6	gb|CM180059.1|	141420648	141422981	plus	74.47	97	GCA_058972505.1_smrv_pol	141420148	141423481
NC_001514.1_pol_6	gb|CM180060.1|	49894073	49896384	plus	74.156	97	GCA_058972505.1_smrv_pol	49893573	49896884
NC_027117.1_pol_8	gb|CM180060.1|	85043727	85046087	plus	79.428	98	GCA_058972505.1_derv_pol	85043227	85046587
NC_001514.1_pol_6	gb|CM180060.1|	85043754	85046084	plus	74.724	97	GCA_058972505.1_smrv_pol	85043254	85046584
NC_027117.1_pol_8	gb|CM180060.1|	85411494	85409136	minus	90.377	98	GCA_058972505.1_derv_pol	85408636	85411994
NC_027117.1_pol_8	gb|CM180060.1|	89827017	89829379	plus	79.402	98	GCA_058972505.1_derv_pol	89826517	89829879
NC_001514.1_pol_6	gb|CM180060.1|	89827043	89829377	plus	74.682	97	GCA_058972505.1_smrv_pol	89826543	89829877
NC_027117.1_pol_8	gb|CM180061.1|	100748609	100746249	minus	79.528	98	GCA_058972505.1_derv_pol	100745749	100749109
NC_001514.1_pol_6	gb|CM180061.1|	100748573	100746251	minus	74.34	97	GCA_058972505.1_smrv_pol	100745751	100749073
NC_027117.1_pol_8	gb|CM180061.1|	101059489	101057404	minus	78.857	98	GCA_058972505.1_derv_pol	101056904	101059989
NC_027117.1_pol_8	gb|CM180061.1|	101550562	101548477	minus	78.857	98	GCA_058972505.1_derv_pol	101547977	101551062
NC_027117.1_pol_8	gb|CM180061.1|	101565833	101563748	minus	78.857	98	GCA_058972505.1_derv_pol	101563248	101566333
NC_027117.1_pol_8	gb|CM180061.1|	101705574	101703489	minus	78.81	98	GCA_058972505.1_derv_pol	101702989	101706074
NC_027117.1_pol_8	gb|CM180061.1|	101842470	101840369	minus	78.251	98	GCA_058972505.1_derv_pol	101839869	101842970
NC_027117.1_pol_8	gb|CM180061.1|	101951855	101949770	minus	78.857	98	GCA_058972505.1_derv_pol	101949270	101952355
NC_027117.1_pol_8	gb|CM180061.1|	102075508	102073423	minus	78.905	98	GCA_058972505.1_derv_pol	102072923	102076008
NC_027117.1_pol_8	gb|CM180061.1|	102266497	102264412	minus	78.857	98	GCA_058972505.1_derv_pol	102263912	102266997
NC_027117.1_pol_8	gb|CM180061.1|	102449080	102446995	minus	78.905	98	GCA_058972505.1_derv_pol	102446495	102449580
NC_027117.1_pol_8	gb|CM180061.1|	102701069	102698984	minus	78.857	98	GCA_058972505.1_derv_pol	102698484	102701569
NC_027117.1_pol_8	gb|CM180061.1|	102804795	102802710	minus	78.857	98	GCA_058972505.1_derv_pol	102802210	102805295
NC_027117.1_pol_8	gb|CM180061.1|	102868065	102865980	minus	78.905	98	GCA_058972505.1_derv_pol	102865480	102868565
NC_027117.1_pol_8	gb|CM180061.1|	102917445	102915085	minus	79.588	98	GCA_058972505.1_derv_pol	102914585	102917945
NC_001514.1_pol_6	gb|CM180061.1|	102917409	102915087	minus	74.351	97	GCA_058972505.1_smrv_pol	102914587	102917909
NC_027117.1_pol_8	gb|CM180061.1|	105035460	105033098	minus	79.318	98	GCA_058972505.1_derv_pol	105032598	105035960
NC_001514.1_pol_6	gb|CM180061.1|	105035424	105033100	minus	74.372	97	GCA_058972505.1_smrv_pol	105032600	105035924
NC_027117.1_pol_8	gb|CM180061.1|	106973765	106976126	plus	79.067	98	GCA_058972505.1_derv_pol	106973265	106976626
NC_001514.1_pol_6	gb|CM180061.1|	106973792	106976124	plus	74.28	97	GCA_058972505.1_smrv_pol	106973292	106976624
NC_027117.1_pol_8	gb|CM180061.1|	119024585	119022224	minus	79.352	98	GCA_058972505.1_derv_pol	119021724	119025085
NC_001514.1_pol_6	gb|CM180061.1|	119024549	119022226	minus	74.521	97	GCA_058972505.1_smrv_pol	119021726	119025049
NC_027117.1_pol_8	gb|CM180061.1|	123346981	123344619	minus	79.182	98	GCA_058972505.1_derv_pol	123344119	123347481
NC_001514.1_pol_6	gb|CM180061.1|	123346945	123344621	minus	74.67	97	GCA_058972505.1_smrv_pol	123344121	123347445
NC_027117.1_pol_8	gb|CM180061.1|	129777620	129775258	minus	79.588	98	GCA_058972505.1_derv_pol	129774758	129778120
NC_001514.1_pol_6	gb|CM180061.1|	129777584	129775260	minus	74.755	97	GCA_058972505.1_smrv_pol	129774760	129778084
NC_001514.1_pol_6	gb|CM180061.1|	129786346	129784023	minus	73.826	97	GCA_058972505.1_smrv_pol	129783523	129786846
NC_027117.1_pol_8	gb|CM180061.1|	130218646	130221011	plus	79.504	98	GCA_058972505.1_derv_pol	130218146	130221511
NC_001514.1_pol_6	gb|CM180061.1|	130218673	130221009	plus	74.82	97	GCA_058972505.1_smrv_pol	130218173	130221509
NC_027117.1_pol_8	gb|CM180061.1|	130961805	130959444	minus	79.562	98	GCA_058972505.1_derv_pol	130958944	130962305
NC_001514.1_pol_6	gb|CM180061.1|	130961769	130959446	minus	74.585	97	GCA_058972505.1_smrv_pol	130958946	130962269
NC_027117.1_pol_8	gb|CM180062.1|	83773986	83771632	minus	79.434	98	GCA_058972505.1_derv_pol	83771132	83774486
NC_001514.1_pol_6	gb|CM180062.1|	83773959	83771634	minus	74.638	97	GCA_058972505.1_smrv_pol	83771134	83774459
NC_027117.1_pol_8	gb|CM180062.1|	112547633	112545270	minus	79.747	98	GCA_058972505.1_derv_pol	112544770	112548133
NC_001514.1_pol_6	gb|CM180062.1|	112547597	112545272	minus	74.84	97	GCA_058972505.1_smrv_pol	112544772	112548097
NC_027117.1_pol_8	gb|CM180062.1|	128377598	128375236	minus	79.612	98	GCA_058972505.1_derv_pol	128374736	128378098
NC_001514.1_pol_6	gb|CM180062.1|	128377562	128375238	minus	75.0	97	GCA_058972505.1_smrv_pol	128374738	128378062
NC_027117.1_pol_8	gb|CM180062.1|	130542445	130544808	plus	79.638	98	GCA_058972505.1_derv_pol	130541945	130545308
NC_001514.1_pol_6	gb|CM180062.1|	130542472	130544806	plus	74.82	97	GCA_058972505.1_smrv_pol	130541972	130545306
NC_027117.1_pol_8	gb|CM180063.1|	65174754	65177115	plus	79.495	98	GCA_058972505.1_derv_pol	65174254	65177615
NC_027117.1_pol_8	gb|CM180063.1|	66313098	66315455	plus	79.368	98	GCA_058972505.1_derv_pol	66312598	66315955
NC_027117.1_pol_8	gb|CM180064.1|	15770396	15769141	minus	89.57	98	GCA_058972505.1_derv_pol	15768641	15770896
NC_027117.1_pol_8	gb|CM180064.1|	28842559	28844396	plus	77.61	98	GCA_058972505.1_derv_pol	28842059	28844896
NC_001514.1_pol_6	gb|CM180064.1|	28842559	28844391	plus	73.735	76	GCA_058972505.1_smrv_pol	28842059	28844891
NC_027117.1_pol_8	gb|CM180064.1|	29418949	29421308	plus	90.636	98	GCA_058972505.1_derv_pol	29418449	29421808
NC_027117.1_pol_8	gb|CM180064.1|	30237377	30239735	plus	90.928	98	GCA_058972505.1_derv_pol	30236877	30240235
NC_027117.1_pol_8	gb|CM180064.1|	86482154	86483409	plus	90.207	98	GCA_058972505.1_derv_pol	86481654	86483909
NC_027117.1_pol_8	gb|CM180064.1|	88475054	88472694	minus	90.64	98	GCA_058972505.1_derv_pol	88472194	88475554
NC_027117.1_pol_8	gb|CM180065.1|	40124184	40126548	plus	79.302	98	GCA_058972505.1_derv_pol	40123684	40127048
NC_001514.1_pol_6	gb|CM180065.1|	40124211	40126546	plus	74.333	97	GCA_058972505.1_smrv_pol	40123711	40127046
NC_027117.1_pol_8	gb|CM180065.1|	53337151	53338692	plus	79.651	98	GCA_058972505.1_derv_pol	53336651	53339192
NC_027117.1_pol_8	gb|CM180065.1|	54927400	54929462	plus	77.858	98	GCA_058972505.1_derv_pol	54926900	54929962
NC_027117.1_pol_8	gb|CM180066.1|	35706687	35709049	plus	79.209	98	GCA_058972505.1_derv_pol	35706187	35709549
NC_001514.1_pol_6	gb|CM180066.1|	35706714	35709047	plus	74.671	97	GCA_058972505.1_smrv_pol	35706214	35709547
NC_027117.1_pol_8	gb|CM180066.1|	44104025	44101654	minus	90.894	98	GCA_058972505.1_derv_pol	44101154	44104525
NC_027117.1_pol_8	gb|CM180067.1|	31216537	31218894	plus	91.564	98	GCA_058972505.1_derv_pol	31216037	31219394
NC_027117.1_pol_8	gb|CM180067.1|	31239347	31241704	plus	91.607	98	GCA_058972505.1_derv_pol	31238847	31242204
NC_027117.1_pol_8	gb|CM180067.1|	36541348	36543706	plus	91.31	98	GCA_058972505.1_derv_pol	36540848	36544206
NC_027117.1_pol_8	gb|CM180067.1|	42357838	42356536	minus	81.825	98	GCA_058972505.1_derv_pol	42356036	42358338
NC_027117.1_pol_8	gb|CM180067.1|	42434240	42432938	minus	81.839	98	GCA_058972505.1_derv_pol	42432438	42434740
NC_027117.1_pol_8	gb|CM180067.1|	58709574	58710829	plus	90.048	98	GCA_058972505.1_derv_pol	58709074	58711329
NC_027117.1_pol_8	gb|CM180067.1|	58974572	58976797	plus	91.285	98	GCA_058972505.1_derv_pol	58974072	58977297
NC_027117.1_pol_8	gb|CM180067.1|	67820992	67822247	plus	90.207	98	GCA_058972505.1_derv_pol	67820492	67822747
NC_027117.1_pol_8	gb|CM180067.1|	90768184	90770542	plus	90.971	98	GCA_058972505.1_derv_pol	90767684	90771042
NC_027117.1_pol_8	gb|CM180067.1|	108089933	108091185	plus	89.65	98	GCA_058972505.1_derv_pol	108089433	108091685
NC_027117.1_pol_8	gb|CM180067.1|	111497706	111495353	minus	90.739	98	GCA_058972505.1_derv_pol	111494853	111498206
NC_027117.1_pol_8	gb|JAKFFZ010000015.1|	2076246	2073829	minus	99.214	100	GCA_022682495.2_derv_pol	2073329	2076746
NC_027117.1_pol_8	gb|JBAWUQ030000026.1|	474286	471871	minus	94.164	99	GCA_038363095.4_derv_pol	471371	474786
NC_027117.1_pol_8	gb|JBAWUQ030000030.1|	364768	367182	plus	94.576	99	GCA_038363095.4_derv_pol	364268	367682
NC_027117.1_pol_8	gb|JBAWUQ030000031.1|	349049	351463	plus	94.493	99	GCA_038363095.4_derv_pol	348549	351963
NC_027117.1_pol_8	gb|JBAWUQ030000032.1|	16832	19222	plus	92.795	99	GCA_038363095.4_derv_pol	16332	19722
NC_027117.1_pol_8	gb|JBAWUQ030000033.1|	222299	224714	plus	94.123	99	GCA_038363095.4_derv_pol	221799	225214
NC_027117.1_pol_8	gb|JBAWUQ030000035.1|	21837	24227	plus	92.961	99	GCA_038363095.4_derv_pol	21337	24727
NC_027117.1_pol_8	gb|JBAWUQ030000036.1|	491514	489124	minus	93.126	99	GCA_038363095.4_derv_pol	488624	492014
NC_027117.1_pol_8	gb|JBAWUQ030000036.1|	499908	497519	minus	92.961	99	GCA_038363095.4_derv_pol	497019	500408
NC_027117.1_pol_8	gb|JBAWUQ030000037.1|	12667	15063	plus	92.772	99	GCA_038363095.4_derv_pol	12167	15563
NC_027117.1_pol_8	gb|JBAWUQ030000042.1|	14040	16430	plus	93.043	99	GCA_038363095.4_derv_pol	13540	16930
NC_027117.1_pol_8	gb|JBAWUQ030000044.1|	337656	335266	minus	93.002	99	GCA_038363095.4_derv_pol	334766	338156
NC_027117.1_pol_8	gb|JBAWUR030000015.1|	283620	286030	plus	94.327	99	GCA_038363175.3_derv_pol	283120	286530
NC_027117.1_pol_8	gb|JBAWUR030000016.1|	325344	327759	plus	94.164	99	GCA_038363175.3_derv_pol	324844	328259
NC_027117.1_pol_8	gb|JBAWUR030000018.1|	1251740	1249326	minus	94.617	99	GCA_038363175.3_derv_pol	1248826	1252240
NC_027117.1_pol_8	gb|JBAWUR030000019.1|	187033	189448	plus	94.205	99	GCA_038363175.3_derv_pol	186533	189948
NC_027117.1_pol_8	gb|JBAWUR030000022.1|	675310	672895	minus	94.164	99	GCA_038363175.3_derv_pol	672395	675810
NC_027117.1_pol_8	gb|JBAWUR030000024.1|	116524	114134	minus	92.836	99	GCA_038363175.3_derv_pol	113634	117024
NC_027117.1_pol_8	gb|JBAWUR030000029.1|	491514	489124	minus	93.126	99	GCA_038363175.3_derv_pol	488624	492014
NC_027117.1_pol_8	gb|JBAWUR030000029.1|	499908	497519	minus	92.961	99	GCA_038363175.3_derv_pol	497019	500408
NC_027117.1_pol_8	gb|JBAWUR030000031.1|	381413	379023	minus	93.043	99	GCA_038363175.3_derv_pol	378523	381913
NC_027117.1_pol_8	gb|JBAWUR030000032.1|	27995	30385	plus	93.168	99	GCA_038363175.3_derv_pol	27495	30885
NC_027117.1_pol_8	gb|JBAWUR030000036.1|	20745	23139	plus	92.766	99	GCA_038363175.3_derv_pol	20245	23639
NC_027117.1_pol_8	gb|JBAWUR030000037.1|	281319	278929	minus	93.002	99	GCA_038363175.3_derv_pol	278429	281819
NC_027117.1_pol_8	gb|JBAWUR030000040.1|	254667	252279	minus	92.836	99	GCA_038363175.3_derv_pol	251779	255167
NC_027117.1_pol_8	gb|JBAWUR030000085.1|	22535	24925	plus	92.961	99	GCA_038363175.3_derv_pol	22035	25425
NC_027117.1_pol_8	gb|JBAWUR030000094.1|	55663	53307	minus	80.61	97	GCA_038363175.3_derv_pol	52807	56163
NC_027117.1_pol_8	gb|JBAWUS010000018.1|	3064438	3062024	minus	94.576	99	GCA_038363145.1_derv_pol	3061524	3064938
NC_027117.1_pol_8	gb|JBAWUS010000020.1|	1502582	1500168	minus	94.493	99	GCA_038363145.1_derv_pol	1499668	1503082
NC_027117.1_pol_8	gb|JBAWUS010000021.1|	218535	220949	plus	94.534	99	GCA_038363145.1_derv_pol	218035	221449
NC_027117.1_pol_8	gb|JBAWUS010000023.1|	1247591	1245201	minus	93.416	99	GCA_038363145.1_derv_pol	1244701	1248091
NC_027117.1_pol_8	gb|JBAWUS010000026.1|	190589	193003	plus	94.369	99	GCA_038363145.1_derv_pol	190089	193503
NC_027117.1_pol_8	gb|JBAWUS010000028.1|	204004	206418	plus	94.41	99	GCA_038363145.1_derv_pol	203504	206918
NC_027117.1_pol_8	gb|JBAWUS010000028.1|	443006	445420	plus	94.907	99	GCA_038363145.1_derv_pol	442506	445920
NC_027117.1_pol_8	gb|JBAWUS010000029.1|	19095	21491	plus	92.772	99	GCA_038363145.1_derv_pol	18595	21991
NC_027117.1_pol_8	gb|JBAWUS010000030.1|	339980	337590	minus	93.209	99	GCA_038363145.1_derv_pol	337090	340480
NC_027117.1_pol_8	gb|JBAWUS010000035.1|	270254	267864	minus	92.961	99	GCA_038363145.1_derv_pol	267364	270754
NC_027117.1_pol_8	gb|JBAWUS010000036.1|	3461	5851	plus	92.919	99	GCA_038363145.1_derv_pol	2961	6351
NC_027117.1_pol_8	gb|JBAWUS010000037.1|	15404	17800	plus	92.73	99	GCA_038363145.1_derv_pol	14904	18300
NC_027117.1_pol_8	gb|JBAWUS010000038.1|	229672	227282	minus	93.168	99	GCA_038363145.1_derv_pol	226782	230172
NC_027117.1_pol_8	gb|JBAWUT010000021.1|	182974	185387	plus	94.327	99	GCA_038363225.1_derv_pol	182474	185887
NC_027117.1_pol_8	gb|JBAWUT010000023.1|	1	1694	plus	92.433	71	GCA_038363225.1_derv_pol	1	2194
NC_027117.1_pol_8	gb|JBAWUT010000024.1|	18518	20908	plus	93.168	99	GCA_038363225.1_derv_pol	18018	21408
NC_027117.1_pol_8	gb|JBAWUT010000025.1|	151421	149006	minus	94.205	99	GCA_038363225.1_derv_pol	148506	151921
NC_027117.1_pol_8	gb|JBAWUT010000026.1|	20281	22677	plus	92.606	99	GCA_038363225.1_derv_pol	19781	23177
NC_027117.1_pol_8	gb|JBAWUT010000027.1|	18909	21299	plus	92.795	99	GCA_038363225.1_derv_pol	18409	21799
NC_027117.1_pol_8	gb|JBAWUT010000028.1|	34301	35884	plus	92.786	67	GCA_038363225.1_derv_pol	33801	36384
NC_027117.1_pol_8	gb|JBAWUT010000031.1|	182163	184577	plus	94.576	99	GCA_038363225.1_derv_pol	181663	185077
NC_027117.1_pol_8	gb|JBOBQC010000061.1|	26394	23975	minus	79.646	99	GCA_051307075.1_derv_pol	23475	26894
NC_027117.1_pol_8	gb|JBOBQC010000061.1|	58874	61292	plus	79.646	99	GCA_051307075.1_derv_pol	58374	61792
NC_027117.1_pol_8	gb|JBOBQC010000073.1|	291452	289034	minus	79.688	99	GCA_051307075.1_derv_pol	288534	291952
NC_027117.1_pol_8	gb|JBOBQC010000073.1|	323936	326354	plus	79.688	99	GCA_051307075.1_derv_pol	323436	326854
NC_027117.1_pol_8	gb|JBOBQD010000034.1|	350369	347952	minus	79.646	99	GCA_051307065.1_derv_pol	347452	350869
NC_027117.1_pol_8	gb|JBOBQD010000034.1|	382464	384881	plus	79.646	99	GCA_051307065.1_derv_pol	381964	385381
NC_027117.1_pol_8	gb|JBOBQR010000295.1|	137330	139747	plus	88.921	100	GCA_051307085.1_derv_pol	136830	140247
NC_027117.1_pol_8	gb|JBOKGH010000019.1|	430230	431627	plus	79.06	58	GCA_050655435.1_derv_pol	429730	432127
NC_027117.1_pol_8	gb|JBOKGH010000025.1|	351972	354397	plus	78.51	99	GCA_050655435.1_derv_pol	351472	354897
NC_027117.1_pol_8	gb|JBOKGI010000024.1|	177179	178979	plus	78.134	74	GCA_050655445.1_derv_pol	176679	179479
NC_001514.1_pol_6	gb|JBPCCM010000018.1|	1172072	1169742	minus	77.203	97	GCA_051107565.1_smrv_pol	1169242	1172572
NC_001514.1_pol_6	gb|JBPCCM010000035.1|	118797	120387	plus	77.222	66	GCA_051107565.1_smrv_pol	118297	120887
NC_027117.1_pol_8	gb|JBRFIH010000665.1|	22933	21131	minus	81.668	75	GCA_054855695.1_derv_pol	20631	23433
NC_001514.1_pol_6	gb|JBRFIH010000665.1|	22938	21134	minus	75.275	75	GCA_054855695.1_smrv_pol	20634	23438
NC_027117.1_pol_8	gb|JBZXKZ010000019.1|	2580532	2582894	plus	79.663	98	GCA_058972505.1_derv_pol	2580032	2583394
NC_027117.1_pol_8	gb|JBZXKZ010000023.1|	2930276	2932638	plus	79.688	98	GCA_058972505.1_derv_pol	2929776	2933138
NC_027117.1_pol_8	gb|JBZXKZ010000045.1|	1182464	1180938	minus	80.784	63	GCA_058972505.1_derv_pol	1180438	1182964
NC_027117.1_pol_8	gb|JBZXKZ010000095.1|	493028	495390	plus	79.655	98	GCA_058972505.1_derv_pol	492528	495890
NC_027117.1_pol_8	gb|JBZXKZ010000176.1|	282901	285259	plus	91.691	98	GCA_058972505.1_derv_pol	282401	285759
NC_027117.1_pol_8	gb|JBZXLA010000126.1|	240508	242870	plus	79.73	98	GCA_058972435.1_derv_pol	240008	243370
NC_027117.1_pol_8	gb|JBZXLA010000296.1|	68616	70979	plus	79.26	98	GCA_058972435.1_derv_pol	68116	71479
NC_001514.1_pol_6	gb|JBZXLA010000296.1|	68643	70976	plus	74.45	97	GCA_058972435.1_smrv_pol	68143	71476
NC_027117.1_pol_8	gb|JBZXLA010000298.1|	63471	65834	plus	79.352	98	GCA_058972435.1_derv_pol	62971	66334
NC_001514.1_pol_6	gb|JBZXLA010000298.1|	63498	65831	plus	74.428	97	GCA_058972435.1_smrv_pol	62998	66331
NC_027117.1_pol_8	ref|NC_040911.2|	62401928	62399563	minus	96.45	98	GCF_004126475.2_derv_pol	62399063	62402428
NC_027117.1_pol_8	ref|NC_040912.2|	68811914	68813723	plus	96.374	75	GCF_004126475.2_derv_pol	68811414	68814223
NC_027117.1_pol_8	ref|NC_040916.2|	2703617	2701262	minus	96.095	97	GCF_004126475.2_derv_pol	2700762	2704117
NC_027117.1_pol_8	ref|NC_071390.1|	5577760	5580135	plus	99.158	100	GCF_022682495.2_derv_pol	5577260	5580635
NC_027117.1_pol_8	ref|NC_071390.1|	76635184	76637601	plus	99.793	100	GCF_022682495.2_derv_pol	76634684	76638101
NC_027117.1_pol_8	ref|NC_071400.1|	14451811	14449436	minus	99.242	98	GCF_022682495.2_derv_pol	14448936	14452311
NC_027117.1_pol_8	ref|NC_071400.1|	93388165	93385790	minus	99.2	98	GCF_022682495.2_derv_pol	93385290	93388665
NC_027117.1_pol_8	ref|NW_026527203.1|	2076246	2073829	minus	99.214	100	GCF_022682495.2_derv_pol	2073329	2076746
